"","ID","INSPECTION_NUMBER","CATEGORY","SUBCATEGORY","INSPECTION_DATE","ORIGIN","PORT_OF_ARRIVAL_NAME","PORT_OF_ENTRY_NAME","ARRIVING_AIRLINE_IATA_NAME","ARRIVING_FLIGHT_NUMBER","PORT_LATITUDE","PORT_LONGITUDE","INSPECTION_PATHWAY","FINAL_DESTINATION_NAME","ENTRY_NUMBER","COMMODITY_CLASSIFICATION","COMMODITY_TYPE","COMMODITY_DISPLAY_NAME","COMMODITY_TAXONOMIC_DISPLAY_NAME","QUANTITY","QUANTITY_UNITS_NAME","CONSIGNEE_NAME","COMMODITY_ID","CONVEYANCE_ID","WPM_ID","REQUEST_DATETIME","INSPECTOR_NAME","CBP_OFFICER_NAME","INSPECTION_OFFICER","DIAGNOSTIC_REQUEST_ID","INSPECTION_LOCATION_NAME","INSPECTION_LOCATION_STATE_CODE","DR_PATHWAY","DIAGNOSTIC_REQUEST_NUMBER","EVENT_ID","DIAGNOSTIC_PRIORITY","DIAGNOSTIC_REQUEST_STATUS","INSPECTION_AREA","DESTINATION_LOCATION_ID","DESTINATION_LOCATION_NAME","AI_ACCEPTED_CALENDAR_DATE","AI_ACCEPTED_YEAR","AI_ACCEPTED_QUARTER","AI_ACCEPTED_MONTH","AI_ACCEPTED_MONTH_NUMBER","AI_ACCEPTED_BY_FULL_NAME","PEST_TAXON_ID","PEST_TAXONOMIC_NAME","PEST_TAXONOMY_KINGDOM","PEST_TAXONOMY_PHYLUM","PEST_TAXONOMY_CLASS","PEST_TAXONOMY_ORDER","PEST_TAXONOMY_FAMILY","PEST_TAXONOMY_GENUS","PEST_TAXONOMY_SPECIES","DETERMINATION_TYPE","DETERMINED_BY_FULL_NAME","DETERMINED_BY_GROUP_NAME","DETERMINATION_DATETIME","ID_AUTHORITY","NUMBER_ALIVE_ADULTS","NUMBER_ALIVE_CYSTS","NUMBER_ALIVE_EGGS","NUMBER_ALIVE_IMMATURE","NUMBER_ALIVE_PUPAE","NUMBER_DEAD_ADULTS","NUMBER_DEAD_CYSTS","NUMBER_DEAD_EGGS","NUMBER_DEAD_IMMATURE","NUMBER_DEAD_PUPAE","QUARANTINE_RECOMMENDATION_DETERMINED_BY_GROUP_NAME","QUARANTINE_RECOMMENDED_BY_USER_ID","QUARANTINE_RECOMMENDATION_DATETIME","DIAGNOSTIC_TYPE","HOST_TYPE_ID","HOST_TYPE","QUARANTINE_RECOMMENDATION_ID","QUARANTINE_RECOMMENDATION","REGULATORY_DETERMINATION_ID","EXCLUSION_OPTIONS","TREATMENT_SCHEDULE","WHERE_INTERCEPTED_ID","WHERE_INTERCEPTED","REMARKS","HOST_PROXIMITY","HOST_PART_NAME","DETERMINATION_LOCATION_ID","DETERMINATION_LOCATION_NAME","DETERMINATION_LOCATION_STATE","QUARANTINE_STATUS","QUARANTINE_STATUS_MAINLAND","QUARANTINE_STATUS_HAWAII","QUARANTINE_STATUS_PUERTO_RICO","DIAGNOSTIC_DISCIPLINE","DIAGNOSTIC_DETERMINATION_ID","DIAGNOSTIC_DETERMINATION_NOT_POSSIBLE_REASON"
"1",236262,"MDBEL19020006","AQI","PIS","2019-02-11","Germany","JOHN F KENNEDY AIRPORT (4701)","JOHN F KENNEDY AIRPORT (4701)",NA,NA,40.65287,-73.81491,"Airport - Aircraft - Express Carrier - PIS",", ",NA,"Plant","Propagative Material","Prunus sp. - Prunus sp.","Prunus sp.",35,"Plant Units","Foundation Plant Services, UC-Davis",727204,NA,NA,"2019-02-11 16:18:55.0000000","PAUL IJAMS",NA,"PAUL IJAMS",167370,"Beltsville PIS","MD","Airport - Aircraft - Express Carrier - PIS","MDBEL19020006-DR01","MDBEL19020006","Urgent","Diagnostics Completed","PIS - Express Carrier",5003,"USDA Beltsville - Entomology","2019-02-11",2019,"Q1","February",2,"Ijams, Paul",5321,"Aphididae","Animalia","Arthropoda","Insecta","Hemiptera","Aphididae",NA,NA,"Final ID","O'Donnell, Cheryle","National Specialist","2019-02-11 14:33:35.0000000","Earned - Final",NA,NA,1,NA,NA,NA,NA,NA,NA,NA,"NIS",78,"2019-02-11 19:41:04.5090000","AQIP",1500,"Commodity/Permitted Organism",5860,"Phytosanitary Action",349918,"Re-export, Destroy, or Treat","T201-a-1",0,"Not Specified",NA,"On","Plant",5003,"USDA Beltsville - Entomology","MD","Quarantine","Quarantine","Quarantine","Quarantine","Entomology",349918,NA
"2",1608883,"5206-10643129","AQI","CBP","2024-02-15","Argentina","MIAMI INTERNATIONAL AIRPORT (5206)","MIAMI INTERNATIONAL AIRPORT (5206)",NA,NA,25.81389,-80.23027,"Airport - Aircraft - Cargo - CBP",", ",NA,"Plant","Fresh Fruits & Vegetables","Prunus domestica - PLUM","Prunus domestica",4876,"Kilograms",NA,3464304,NA,NA,"2024-02-15 17:50:29.6230000"," ","JUDE-MICK LAROCHELLE","JUDE-MICK LAROCHELLE",680622,"MIAMI INTERNATIONAL AIRPORT (5206)","FL","Airport - Aircraft - Cargo - CBP","5206-10643129-DR01","5206-10643129","Prompt","Diagnostics Completed","CBP - Cargo",5003,"USDA Beltsville - Entomology","2024-02-16",2024,"Q1","February",2,"Insinga, Jonas",5664,"Diaspididae","Animalia","Arthropoda","Insecta","Hemiptera","Diaspididae",NA,NA,"Final ID","Insinga, Jonas","Area Identifier","2024-02-16 05:00:00.0000000","Conferred - Regulatory ID",20,NA,NA,NA,NA,NA,NA,NA,NA,NA,"Area Identifier",44416,"2024-02-16 13:44:33.5460000","AQIP",1500,"Commodity/Permitted Organism",5861,"No Phytosanitary Action",1432520,NA,NA,0,"Not Specified","PRN: 208220; LOC: AMERICAN AIRLINES; BROKER: ADVANCE CUSTOMS BROKERS; QTY: 576 PCS","With","Fruit",70005,"Miami PIS","FL","Quarantine","Quarantine","Quarantine","Quarantine","Entomology",1432520,NA
"3",359595,"3801-1728331","AQI","CBP","2017-07-11","Afghanistan","DETROIT, MI (3801)","DETROIT, MI (3801)",NA,NA,42.31428,-83.08558,"Land Border - Truck - Cargo - CBP",", ",NA,"Plant","Fresh Fruits & Vegetables","Prunus domestica - PLUM","Prunus domestica",1057,"Each",NA,1219120,NA,NA,"2017-07-11 23:00:00.0000000"," ","TIMOTHY D HOULE","TIMOTHY D HOULE",272518,"DETROIT, MI (3801)","MI","Land Border - Truck - Cargo - CBP","3801-1728331-DR01","3801-1728331","Urgent","Diagnostics Completed","CBP - Cargo",7790,"Romulus","2017-07-13",2017,"Q3","July",7,"Zablotny, James",7584,"Plodia interpunctella (HÃ¼bner) (Pyralidae)","Animalia","Arthropoda","Insecta","Lepidoptera","Pyralidae","Plodia","interpunctella","Final ID","Zablotny, James","Area Identifier","2017-07-13 00:00:00.0000000","Earned - Final",NA,NA,NA,5,NA,NA,NA,NA,0,NA,"Area Identifier",551,"2017-07-13 09:31:43.3630000","AQIP",1500,"Commodity/Permitted Organism",5861,"No Phytosanitary Action",584650,"Not Specified",NA,5851,"General Cargo",NA,"On","Dried Fruit",7790,"Romulus","MI","Non-Quarantine","Non-Quarantine","Non-Quarantine","Non-Quarantine","Entomology",584650,NA
"4",2145111,"MDBEL25020014","AQI","PIS","2025-02-21","Netherlands","DHL COURIER CINCINNATI (4197)","DHL COURIER CINCINNATI (4197)",NA,NA,39.044136,-84.6185,"Airport - Aircraft - Express Carrier - PIS",", ",NA,"Plant","Propagative Material","Prunus sp. - Prunus sp.","Prunus sp.",10,"Plant Units","Foundation Plant Services, UC-Davis",4259287,NA,NA,"2025-02-21 16:22:16.9370000","BRANDON FISH",NA,"BRANDON FISH",799959,"Beltsville PIS","MD","Airport - Aircraft - Express Carrier - PIS","MDBEL25020014-DR02","MDBEL25020014","Urgent","Diagnostics Completed","PIS - Express Carrier",70011,"Linden PIS","2025-02-24",2025,"Q1","February",2,"Margina, Ana",32339,"Cupressus sp. (Cupressaceae)","Plantae",NA,"Pinopsida","Pinales","Cupressaceae","Cupressus",NA,"Final ID","Margina, Ana","Area Identifier","2025-02-24 05:00:00.0000000","Earned - Final",NA,NA,NA,NA,NA,NA,NA,NA,NA,NA,"Area Identifier",26,"2025-02-24 16:52:55.8560000","AQIP",1500,"Commodity/Permitted Organism",5861,"No Phytosanitary Action",1694579,NA,NA,0,"Not Specified",NA,"On","Cutting",70011,"Linden PIS","NJ","Non-Quarantine","Non-Quarantine","Non-Quarantine","Non-Quarantine","Botany",1694579,NA
"5",2145111,"MDBEL25020014","AQI","PIS","2025-02-21","Netherlands","DHL COURIER CINCINNATI (4197)","DHL COURIER CINCINNATI (4197)",NA,NA,39.044136,-84.6185,"Airport - Aircraft - Express Carrier - PIS",", ",NA,"Plant","Propagative Material","Prunus sp. - Prunus sp.","Prunus sp.",10,"Plant Units","Foundation Plant Services, UC-Davis",4259287,NA,NA,"2025-02-21 16:21:01.6800000","BRANDON FISH",NA,"BRANDON FISH",799958,"Beltsville PIS","MD","Airport - Aircraft - Express Carrier - PIS","MDBEL25020014-DR01","MDBEL25020014","Urgent","Diagnostics Completed","PIS - Express Carrier",70011,"Linden PIS","2025-02-24",2025,"Q1","February",2,"Kharboutli, Marwan",5811,"Hemiberlesia lataniae (Signoret) (Diaspididae)","Animalia","Arthropoda","Insecta","Hemiptera","Diaspididae","Hemiberlesia","lataniae","Final ID","Kharboutli, Marwan","Area Identifier","2025-02-24 05:00:00.0000000","Earned - Final",1,NA,NA,NA,NA,NA,NA,NA,NA,NA,"Area Identifier",23,"2025-02-24 16:52:56.6050000","AQIP",1500,"Commodity/Permitted Organism",5861,"No Phytosanitary Action",1694580,NA,NA,0,"Not Specified",NA,"On","Cutting",70011,"Linden PIS","NJ","Non-Quarantine","Non-Quarantine","Non-Quarantine","Non-Quarantine","Entomology",1694580,NA
"6",63258,"1703-5720876","AQI","CBP","2020-08-06","Netherlands","SAVANNAH, GA (1703)","SAVANNAH, GA (1703)",NA,NA,32.0808,-81.09093,"Maritime Port - Vessel - Cargo - CBP",", ",NA,"Plant","Logs","Prunus sp. - Prunus sp.","Prunus sp.",1590,"Each",NA,92107,NA,NA,"2020-08-06 04:00:00.0000000"," ","MD R ISLAM","MD R ISLAM",39917,"SAVANNAH, GA (1703)","GA","Maritime Port - Vessel - Cargo - CBP","1703-5720876-DR01","1703-5720876","Urgent","Diagnostics Completed","CBP - Cargo",7884,"Charleston","2020-08-11",2020,"Q3","August",8,"Coots, Carla",8327,"Isopoda","Animalia","Arthropoda","Malacostraca","Isopoda",NA,NA,NA,"Final ID","Coots, Carla","Area Identifier","2020-08-11 04:00:00.0000000","Conferred - Final",1,NA,NA,NA,NA,0,NA,NA,NA,NA,"Area Identifier",156,"2020-08-11 10:52:27.1160000","AQIP",1500,"Commodity/Permitted Organism",5861,"No Phytosanitary Action",66205,NA,NA,5851,"General Cargo","Commodity: LOG ( unknown sp.)","With","Stem",7884,"Charleston","SC","Non-Quarantine","Non-Quarantine","Non-Quarantine","Non-Quarantine","Entomology",66205,NA
"7",2311692,"4197-11964340","AQI","CBP","2025-06-11","Lao PDR","DHL COURIER CINCINNATI (4197)","DHL COURIER CINCINNATI (4197)",NA,NA,39.044136,-84.6185,"Airport - Aircraft - Express Carrier - CBP",", ",NA,"Plant","Fresh Fruits & Vegetables","Prunus domestica - PLUM","Prunus domestica",0.43,"Kilograms",NA,4516808,NA,NA,"2025-06-11 09:57:01.9440000"," ","TRACEY E LITTLE","TRACEY E LITTLE",838814,"DHL COURIER CINCINNATI (4197)","OH","Airport - Aircraft - Express Carrier - CBP","4197-11964340-DR01","4197-11964340","Urgent","Diagnostics Completed","CBP - Express Carrier",70011,"Linden PIS","2025-06-17",2025,"Q2","June",6,"Kharboutli, Marwan",3236,"Bactrocera sp. (Tephritidae)","Animalia","Arthropoda","Insecta","Diptera","Tephritidae","Bactrocera",NA,"Final ID","Kharboutli, Marwan","Area Identifier","2025-06-16 04:00:00.0000000","Earned - Final",NA,NA,NA,7,NA,NA,NA,NA,NA,NA,"Area Identifier",23,"2025-06-17 00:58:13.9500000","AQIP",1500,"Commodity/Permitted Organism",5860,"Phytosanitary Action",1784143,"Re-export, Destroy, or Treat","T108-a",0,"Not Specified","Live fruit fly larvae found infesting fresh plums from Laos.","In","Fruit",70011,"Linden PIS","NJ","Quarantine","Quarantine","Quarantine","Quarantine","Entomology",1784143,NA
"8",647659,"WASEA22010009","AQI","PIS","2022-01-13","Netherlands","SEATTLE, WA (3001)","SEATTLE, WA (3001)",NA,NA,47.60549,-122.33537,"Airport - Aircraft - Express Carrier - PIS",", ",NA,"Plant","Propagative Material","Prunus salicina - Prunus salicina","Prunus salicina",10,"Plant Units","Brandt's Fruit Trees Inc.",1960282,NA,NA,"2022-01-13 23:46:03.0500000","RICKY CORDER",NA,"RICKY CORDER",426117,"Seattle PIS","WA","Airport - Aircraft - Express Carrier - PIS","WASEA22010009-DR01","WASEA22010009","Urgent","Diagnostics Completed","PIS - Express Carrier",70016,"Seattle PIS","2022-01-13",2022,"Q1","January",1,"Minnis, Andrew",9889,"Cladosporium sp. (Cladosporiaceae)","Fungi",NA,"Dothideomycetes","Cladosporiales","Cladosporiaceae","Cladosporium",NA,"Final ID","Minnis, Andrew","Area Identifier","2022-01-13 08:00:00.0000000","Earned - Final",NA,NA,NA,NA,NA,NA,NA,NA,NA,NA,"Area Identifier",177,"2022-01-13 23:49:58.0250000","AQIP",1500,"Commodity/Permitted Organism",5861,"No Phytosanitary Action",907210,NA,NA,0,"Not Specified",NA,"On","Plant",70016,"Seattle PIS","WA","Quarantine","Quarantine","Quarantine","Quarantine","Plant Pathology",907210,"Secondary Infection"
"9",1648780,"2709-10734660","AQI","CBP","2024-03-12","Chile","LONG BEACH, CA (2709)","LONG BEACH, CA (2709)",NA,NA,33.76692,-118.18895,"Maritime Port - Vessel - Cargo - CBP",", ",NA,"Plant","Fresh Fruits & Vegetables","Prunus domestica - PLUM","Prunus domestica",17696,"Kilograms",NA,3530303,NA,NA,"2024-03-12 22:08:33.2650000"," ","WAI YIN CHIU","WAI YIN CHIU",690407,"LONG BEACH, CA (2709)","CA","Maritime Port - Vessel - Cargo - CBP","2709-10734660-DR01","2709-10734660","Urgent","Diagnostics Completed","CBP - Cargo",7839,"Long Beach","2024-03-13",2024,"Q1","March",3,"Maller, Liana",2836,"Corylophidae","Animalia","Arthropoda","Insecta","Coleoptera","Corylophidae",NA,NA,"Final ID","Maller, Liana","Area Identifier","2024-03-13 07:00:00.0000000","Conferred - Final",NA,NA,NA,1,NA,NA,NA,NA,NA,1,"Area Identifier",322,"2024-03-13 16:08:05.3550000","AQIP",1500,"Commodity/Permitted Organism",5861,"No Phytosanitary Action",1452579,NA,NA,0,"Not Specified","Entry# NM2-22577865
Container# SEGU9695802
Pest found near the stem. Please determine viability.","With","Fruit",7839,"Long Beach","CA","Non-Quarantine","Non-Quarantine","Non-Quarantine","Non-Quarantine","Entomology",1452579,NA
"10",1690483,"4601-10824573","AQI","CBP","2024-04-10","South Africa","NEW YORK/NEWARK AREA (4601)","NEW YORK/NEWARK AREA (4601)",NA,NA,40.73591,-74.16594,"Maritime Port - Vessel - Cargo - CBP",", ",NA,"Plant","Fresh Fruits & Vegetables","Prunus domestica - PLUM","Prunus domestica",24739,"Kilograms",NA,3592903,NA,NA,"2024-04-10 21:59:16.8990000"," ","SANGITA LIMBACHIA","SANGITA LIMBACHIA",700012,"NEW YORK/NEWARK AREA (4601)","NJ","Maritime Port - Vessel - Cargo - CBP","4601-10824573-DR01","4601-10824573","Urgent","Diagnostics Completed","CBP - Cargo",70011,"Linden PIS","2024-04-12",2024,"Q2","April",4,"Burns, Mary",3247,"Ceratitis capitata (Wiedemann)  (Tephritidae)","Animalia","Arthropoda","Insecta","Diptera","Tephritidae","Ceratitis","capitata","Final ID","Zhang, Jianxin","Area Identifier","2024-04-12 04:00:00.0000000","Earned - Final",NA,NA,NA,NA,NA,NA,NA,NA,2,NA,"Area Identifier",42,"2024-04-12 13:10:02.2350000","AQIP",1500,"Commodity/Permitted Organism",5861,"No Phytosanitary Action",1474547,NA,NA,0,"Not Specified",NA,"In","Fruit",70011,"Linden PIS","NJ","Quarantine","Quarantine","Uncategorized","Uncategorized","Entomology",1474547,NA
"11",238102,"5206-3318708","AQI","CBP","2019-02-02","Netherlands","MIAMI INTERNATIONAL AIRPORT (5206)","MIAMI INTERNATIONAL AIRPORT (5206)",NA,NA,25.81389,-80.23027,"Airport - Aircraft - Cargo - CBP",", ",NA,"Plant","Cut Flowers & Greenery","Prunus sp. - Prunus","Prunus sp.",3,"Each",NA,738010,NA,NA,"2019-02-02 04:00:00.0000000"," ","MICHAEL C GILSON","MICHAEL C GILSON",168927,"MIAMI INTERNATIONAL AIRPORT (5206)","FL","Airport - Aircraft - Cargo - CBP","5206-3318708-DR01","5206-3318708","Urgent","Diagnostics Completed","CBP - Cargo",5009,"USDA Beltsville - Plant Pathology","2019-02-03",2019,"Q1","February",2,"Gavito-Hernandez, Maria",9786,"Fungi","Fungi",NA,NA,NA,NA,NA,NA,"Final ID","McKemy, John","National Specialist","2019-02-05 11:53:58.0000000","Earned - Final",NA,NA,NA,NA,NA,NA,NA,NA,NA,NA,"NIS",0,"2019-02-05 16:54:17.8530000","AQIP",1500,"Commodity/Permitted Organism",5861,"No Phytosanitary Action",353358,NA,NA,5852,"Permit Cargo","LOC: AMERICAN AIRLINES  PRN: 146303  BRK: GUY LICHTENSTEIN
** Commodity also being pending Refuse Entry)","With","Flower",5009,"USDA Beltsville - Plant Pathology","MD","Quarantine","Quarantine","Quarantine","Quarantine","Plant Pathology",353358,"No pathogen found"
"12",88648,"4909-5081910","AQI","CBP","2020-04-07","Chile","SAN JUAN, PR (4909)","SAN JUAN, PR (4909)",NA,NA,18.46615,-66.11482,"Maritime Port - Vessel - Cargo - CBP",", ",NA,"Plant","Fresh Fruits & Vegetables","Prunus domestica - PLUM","Prunus domestica",23490,"Kilograms","SUPERMERCADOS ECONO INC., SABANA ABAJO INDUSTRIAL PARK, 1428, CALLE RIO DANUBIO CAROLINA, PR 00983-1728. PUERTO RICO, 1-7876204630    TELEX 1-78762046",186468,NA,NA,"2020-04-07 04:00:00.0000000"," ","DANIEL DOMINGUEZ","DANIEL DOMINGUEZ",56324,"SAN JUAN, PR (4909)","PR","Maritime Port - Vessel - Cargo - CBP","4909-5081910-DR01","4909-5081910","Urgent","Diagnostics Completed","CBP - Cargo",5003,"USDA Beltsville - Entomology","2020-04-08",2020,"Q2","April",4,"Nieves Lopez, Nisael",6172,"Pseudococcus sp. (Pseudococcidae)","Animalia","Arthropoda","Insecta","Hemiptera","Pseudococcidae","Pseudococcus",NA,"Final ID","Evans, Gregory","National Specialist","2020-04-08 04:00:00.0000000","Earned - Final",NA,NA,NA,3,NA,NA,NA,NA,0,NA,"NIS",2704,"2020-04-08 18:30:32.9530000","AQIP",1500,"Commodity/Permitted Organism",5860,"Phytosanitary Action",102884,"Re-export, Destroy, or Treat","T104-a-2",5852,"Permit Cargo","IPPC: 07111 HT
PSEUDOCOCCIDAES WERE FOUND ON PLUM.","On","Fruit",5003,"USDA Beltsville - Entomology","MD","Quarantine","Quarantine","Quarantine","Quarantine","Entomology",102884,NA
"13",173017,"2608-4523112","AQI","CBP","2019-10-09","Mexico","SAN LUIS, AZ (2608)","SAN LUIS, AZ (2608)",NA,NA,32.49551,-114.70641,"Land Border - Truck - Cargo - CBP",", ",NA,"Plant","Fresh Fruits & Vegetables","Prunus domestica - PLUM","Prunus domestica",5096,"Kilograms",NA,485140,NA,NA,"2019-10-09 04:00:00.0000000"," ","LUIS C LASTRA","LUIS C LASTRA",117163,"SAN LUIS, AZ (2608)","AZ","Land Border - Truck - Cargo - CBP","2608-4523112-DR02","2608-4523112","Urgent","Diagnostics Completed","CBP - Cargo",7662,"Yuma","2019-10-10",2019,"Q4","October",10,"Vitanza-Hedman, Salvador",2973,"Oryzaephilus sp. (Silvanidae)","Animalia","Arthropoda","Insecta","Coleoptera","Silvanidae","Oryzaephilus",NA,"Final ID","Vitanza-Hedman, Salvador","Area Identifier","2019-10-10 09:20:05.0000000","Conferred - Final",1,NA,NA,NA,NA,0,NA,NA,NA,NA,"Area Identifier",893,"2019-10-10 16:21:42.2170000","AQIP",1500,"Commodity/Permitted Organism",5861,"No Phytosanitary Action",238373,NA,NA,5852,"Permit Cargo","DRIED PLUMS","On","Fruit",7662,"Yuma","AZ","Non-Quarantine","Non-Quarantine","Non-Quarantine","Non-Quarantine","Entomology",238373,NA
"14",173017,"2608-4523112","AQI","CBP","2019-10-09","Mexico","SAN LUIS, AZ (2608)","SAN LUIS, AZ (2608)",NA,NA,32.49551,-114.70641,"Land Border - Truck - Cargo - CBP",", ",NA,"Plant","Fresh Fruits & Vegetables","Prunus domestica - PLUM","Prunus domestica",5096,"Kilograms",NA,485140,NA,NA,"2019-10-09 04:00:00.0000000"," ","LUIS C LASTRA","LUIS C LASTRA",117165,"SAN LUIS, AZ (2608)","AZ","Land Border - Truck - Cargo - CBP","2608-4523112-DR03","2608-4523112","Urgent","Diagnostics Completed","CBP - Cargo",7662,"Yuma","2019-10-10",2019,"Q4","October",10,"Vitanza-Hedman, Salvador",2377,"Metoponium sp. (Tenebrionidae)","Animalia","Arthropoda","Insecta","Coleoptera","Tenebrionidae","Metoponium",NA,"Final ID","Vitanza-Hedman, Salvador","Area Identifier","2019-10-10 09:22:59.0000000","Earned - Final",1,NA,NA,NA,NA,0,NA,NA,NA,NA,"Area Identifier",893,"2019-10-10 16:23:21.0450000","AQIP",1500,"Commodity/Permitted Organism",5861,"No Phytosanitary Action",238377,NA,NA,5852,"Permit Cargo","DRIED PLUMS","On","Fruit",7662,"Yuma","AZ","Quarantine","Quarantine","Quarantine","Quarantine","Entomology",238377,NA
"15",173017,"2608-4523112","AQI","CBP","2019-10-09","Mexico","SAN LUIS, AZ (2608)","SAN LUIS, AZ (2608)",NA,NA,32.49551,-114.70641,"Land Border - Truck - Cargo - CBP",", ",NA,"Plant","Fresh Fruits & Vegetables","Prunus domestica - PLUM","Prunus domestica",5096,"Kilograms",NA,485140,NA,NA,"2019-10-09 04:00:00.0000000"," ","LUIS C LASTRA","LUIS C LASTRA",117159,"SAN LUIS, AZ (2608)","AZ","Land Border - Truck - Cargo - CBP","2608-4523112-DR01","2608-4523112","Urgent","Diagnostics Completed","CBP - Cargo",7662,"Yuma","2019-10-10",2019,"Q4","October",10,"Vitanza-Hedman, Salvador",391,"Stegobium paniceum (Linnaeus) (Ptinidae)","Animalia","Arthropoda","Insecta","Coleoptera","Ptinidae","Stegobium","paniceum","Final ID","Lingafelter, Steve","Area Identifier","2019-10-10 09:33:00.0000000","Earned - Final",2,NA,NA,NA,NA,0,NA,NA,NA,NA,"Area Identifier",130,"2019-10-10 16:33:39.9810000","AQIP",1500,"Commodity/Permitted Organism",5861,"No Phytosanitary Action",238363,NA,NA,5852,"Permit Cargo","DRIED PLUMS","On","Fruit",7662,"Yuma","AZ","Non-Quarantine","Non-Quarantine","Non-Quarantine","Non-Quarantine","Entomology",238363,NA
"16",449500,"2720-6765902","AQI","PIS","2021-04-27","China","LOS ANGELES INT AIRPORT (2720)","LOS ANGELES INT AIRPORT (2720)",NA,NA,33.93468,-118.37018,"Airport - Aircraft - Express Carrier - PIS",", ",NA,"Plant","Propagative Material","Prunus sp. - Prunus sp.","Prunus sp.",150,"Plant Units","Vic Wang",1563570,NA,NA,"2021-05-10 21:31:49.6710000","CHUCK LUCAS",NA,"CHUCK LUCAS",338030,"Los Angeles PIS","CA","Airport - Aircraft - Express Carrier - PIS","2720-6765902-DR05","2720-6765902","Urgent","Diagnostics Completed","PIS - Express Carrier",70017,"APHIS Headquarters","2021-05-10",2021,"Q2","May",5,"Wong, Joseph",3355,"Fulgoroidea","Animalia","Arthropoda","Insecta","Hemiptera",NA,NA,NA,"Final ID","McKamey, Stuart","National Specialist","2021-05-11 04:00:00.0000000","Earned - Final",NA,NA,NA,2,NA,NA,NA,NA,NA,NA,"NIS",1242,"2021-05-11 17:04:16.3300000","AQIP",1500,"Commodity/Permitted Organism",5860,"Phytosanitary Action",727850,"Re-export, Destroy, or Treat","T201-c-1",0,"Not Specified",NA,"With","Plant",5001,"National Museum of Natural History","DC","Quarantine","Quarantine","Quarantine","Quarantine","Entomology",727850,NA
"17",449500,"2720-6765902","AQI","PIS","2021-04-27","China","LOS ANGELES INT AIRPORT (2720)","LOS ANGELES INT AIRPORT (2720)",NA,NA,33.93468,-118.37018,"Airport - Aircraft - Express Carrier - PIS",", ",NA,"Plant","Propagative Material","Prunus sp. - Prunus sp.","Prunus sp.",150,"Plant Units","Vic Wang",1563570,NA,NA,"2021-05-10 21:36:19.4520000","CHUCK LUCAS",NA,"CHUCK LUCAS",338033,"Los Angeles PIS","CA","Airport - Aircraft - Express Carrier - PIS","2720-6765902-DR08","2720-6765902","Urgent","Diagnostics Completed","PIS - Express Carrier",70017,"APHIS Headquarters","2021-05-10",2021,"Q2","May",5,"Wong, Joseph",256,"Tarsonemus confusus Ewing (Tarsonemidae)","Animalia","Arthropoda","Arachnida","Trombidiformes","Tarsonemidae","Tarsonemus","confusus","Final ID","Ochoa, Ronald","National Specialist","2021-05-11 04:00:00.0000000","Earned - Final",7,NA,NA,NA,NA,NA,NA,NA,NA,NA,"NIS",254,"2021-05-11 16:32:01.8230000","AQIP",1500,"Commodity/Permitted Organism",5861,"No Phytosanitary Action",727834,"Not Specified","Not Specified",0,"Not Specified",NA,"On","Stem",5003,"USDA Beltsville - Entomology","MD","Non-Quarantine","Non-Quarantine","Uncategorized","Uncategorized","Acarology",727834,NA
"18",449500,"2720-6765902","AQI","PIS","2021-04-27","China","LOS ANGELES INT AIRPORT (2720)","LOS ANGELES INT AIRPORT (2720)",NA,NA,33.93468,-118.37018,"Airport - Aircraft - Express Carrier - PIS",", ",NA,"Plant","Propagative Material","Prunus sp. - Prunus sp.","Prunus sp.",150,"Plant Units","Vic Wang",1563570,NA,NA,"2021-05-10 21:34:42.6750000","CHUCK LUCAS",NA,"CHUCK LUCAS",338032,"Los Angeles PIS","CA","Airport - Aircraft - Express Carrier - PIS","2720-6765902-DR07","2720-6765902","Urgent","Diagnostics Completed","PIS - Express Carrier",70002,"Los Angeles PIS","2021-05-10",2021,"Q2","May",5,"Wong, Joseph",5457,"Myzus persicae (Sulzer)  (Aphididae)","Animalia","Arthropoda","Insecta","Hemiptera","Aphididae","Myzus","persicae","Final ID","Lindsey, Bert","Area Identifier","2021-05-10 07:00:00.0000000","Earned - Final",10,NA,NA,NA,NA,NA,NA,NA,NA,NA,"Area Identifier",165,"2021-05-10 22:25:27.8990000","AQIP",1500,"Commodity/Permitted Organism",5861,"No Phytosanitary Action",727297,"Not Specified","Not Specified",0,"Not Specified",NA,"On","Stem",70002,"Los Angeles PIS","CA","Non-Quarantine","Non-Quarantine","Non-Quarantine","Non-Quarantine","Entomology",727297,NA
"19",449500,"2720-6765902","AQI","PIS","2021-04-27","China","LOS ANGELES INT AIRPORT (2720)","LOS ANGELES INT AIRPORT (2720)",NA,NA,33.93468,-118.37018,"Airport - Aircraft - Express Carrier - PIS",", ",NA,"Plant","Propagative Material","Prunus sp. - Prunus sp.","Prunus sp.",150,"Plant Units","Vic Wang",1563570,NA,NA,"2021-05-10 21:32:54.3390000","CHUCK LUCAS",NA,"CHUCK LUCAS",338031,"Los Angeles PIS","CA","Airport - Aircraft - Express Carrier - PIS","2720-6765902-DR06","2720-6765902","Urgent","Diagnostics Completed","PIS - Express Carrier",70017,"APHIS Headquarters","2021-05-10",2021,"Q2","May",5,"Wong, Joseph",9788,"Dothideomycetes","Fungi",NA,"Dothideomycetes",NA,NA,NA,NA,"Final ID","McKemy, John","National Specialist","2021-05-11 04:00:00.0000000","Earned - Final",NA,NA,NA,NA,NA,NA,NA,NA,NA,NA,"NIS",1242,"2021-05-11 17:01:09.5970000","AQIP",1500,"Commodity/Permitted Organism",5860,"Phytosanitary Action",727852,"Re-export or Destroy","Not Specified",0,"Not Specified",NA,"On","Plant",5009,"USDA Beltsville - Plant Pathology","MD","Uncategorized","Uncategorized","Uncategorized","Uncategorized","Plant Pathology",727852,NA
"20",2140618,"MDBEL25020008","AQI","PIS","2025-02-18","France","DHL COURIER CINCINNATI (4197)","DHL COURIER CINCINNATI (4197)",NA,NA,39.044136,-84.6185,"Airport - Aircraft - Express Carrier - PIS",", ",NA,"Plant","Propagative Material","Prunus sp. - Prunus sp.","Prunus sp.",114,"Plant Units","Foundation Plant Services, UC-Davis",4252363,NA,NA,"2025-02-18 18:02:41.8680000","SAMANTHA BAKER",NA,"SAMANTHA BAKER",798947,"Beltsville PIS","MD","Airport - Aircraft - Express Carrier - PIS","MDBEL25020008-DR01","MDBEL25020008","Urgent","Diagnostics Completed","PIS - Express Carrier",70017,"APHIS Headquarters","2025-02-19",2025,"Q1","February",2,"Savage, Andrea",3316,"Hemiptera","Animalia","Arthropoda","Insecta","Hemiptera",NA,NA,NA,"Final ID","Henry, Thomas","National Specialist","2025-02-19 05:00:00.0000000","Earned - Final",NA,NA,10,NA,NA,NA,NA,NA,NA,NA,"NIS",2704,"2025-02-19 19:06:12.3490000","AQIP",1500,"Commodity/Permitted Organism",5860,"Phytosanitary Action",1691619,"Re-export, Destroy, or Treat","T201-c-1",0,"Not Specified",NA,"In","Cutting",5001,"National Museum of Natural History","DC","Quarantine","Quarantine","Quarantine","Quarantine","Entomology",1691619,NA
"21",2140618,"MDBEL25020008","AQI","PIS","2025-02-18","France","DHL COURIER CINCINNATI (4197)","DHL COURIER CINCINNATI (4197)",NA,NA,39.044136,-84.6185,"Airport - Aircraft - Express Carrier - PIS",", ",NA,"Plant","Propagative Material","Prunus sp. - Prunus sp.","Prunus sp.",114,"Plant Units","Foundation Plant Services, UC-Davis",4252363,NA,NA,"2025-02-18 18:51:49.0050000","SAMANTHA BAKER",NA,"SAMANTHA BAKER",798966,"Beltsville PIS","MD","Airport - Aircraft - Express Carrier - PIS","MDBEL25020008-DR02","MDBEL25020008","Urgent","Diagnostics Completed","PIS - Express Carrier",70017,"APHIS Headquarters","2025-02-19",2025,"Q1","February",2,"Savage, Andrea",5645,"Saissetia sp. (Coccidae)","Animalia","Arthropoda","Insecta","Hemiptera","Coccidae","Saissetia",NA,"Final ID","Evans, Gregory","National Specialist","2025-02-19 05:00:00.0000000","Earned - Final",1,NA,NA,NA,NA,NA,NA,NA,NA,NA,"NIS",2704,"2025-02-19 18:28:14.0690000","AQIP",1500,"Commodity/Permitted Organism",5860,"Phytosanitary Action",1691528,"Re-export, Destroy, or Treat","T201-c-1",0,"Not Specified",NA,"On","Cutting",5003,"USDA Beltsville - Entomology","MD","Quarantine","Quarantine","Quarantine","Quarantine","Entomology",1691528,NA
"22",2154664,"TXHOU25020034","AQI","PIS","2025-02-27","United Kingdom of Great Britain and N. Ireland","HOUSTON GEO. BUSH INTERC (5309)","HOUSTON GEO. BUSH INTERC (5309)",NA,NA,29.93873,-95.3509,"Airport - Aircraft - Express Carrier - PIS",", ",NA,"Plant","Propagative Material","Prunus spinosa - Prunus spinosa","Prunus spinosa",0.005,"Kilograms","Ian Omalley",4275264,NA,NA,"2025-02-27 22:33:08.2590000","AMNERIS BAUZO FIGUEROA",NA,"AMNERIS BAUZO FIGUEROA",802090,"Houston PIS","TX","Airport - Aircraft - Express Carrier - PIS","TXHOU25020034-DR01","TXHOU25020034","Urgent","Diagnostics Completed","PIS - Express Carrier",70015,"Houston PIS","2025-02-28",2025,"Q1","February",2,"Diaz, Norma",29013,"Punica sp. (Lythraceae)","Plantae",NA,"Magnoliopsida","Myrtales","Lythraceae","Punica",NA,"Final ID","Diaz, Norma","Area Identifier","2025-02-28 06:00:00.0000000","Conferred - Final",NA,NA,NA,NA,NA,NA,NA,NA,NA,NA,"Area Identifier",128,"2025-02-28 13:53:52.3020000","AQIP",1500,"Commodity/Permitted Organism",5861,"No Phytosanitary Action",1698621,NA,NA,0,"Not Specified",NA,"With","Seed",70015,"Houston PIS","TX","Uncategorized","Uncategorized","Uncategorized","Uncategorized","Botany",1698621,NA
"23",411516,"MDBEL16070001","AQI","PIS","2016-07-05","Czech Republic","MEMPHIS, TN (2006)","MEMPHIS, TN (2006)",NA,NA,35.0624,-89.95224,"Airport - Aircraft - Express Carrier - PIS",", ",NA,"Plant","Propagative Material","Prunus sp. - Prunus sp.","Prunus sp.",86,"Plant Units","IAREC",1444172,NA,NA,"2016-07-05 07:53:34.0000000","PAUL IJAMS",NA,"PAUL IJAMS",315062,"Beltsville PIS","MD","Airport - Aircraft - Express Carrier - PIS","MDBEL16070001-DR01","MDBEL16070001","Urgent","Diagnostics Completed","PIS - Express Carrier",5003,"USDA Beltsville - Entomology","2016-07-05",2016,"Q3","July",7,"Ijams, Paul",5561,"Coccidae","Animalia","Arthropoda","Insecta","Hemiptera","Coccidae",NA,NA,"Final ID","Evans, Gregory","National Specialist","2016-07-05 00:00:00.0000000","Tentative - Route to NS",0,0,0,1,0,0,0,0,0,0,"NIS",93,"2016-07-05 16:06:17.6290000","AQIP",1500,"Commodity/Permitted Organism",5860,"Phytosanitary Action",679466,"Re-export, Destroy, or Treat","T101-c-2",0,"Not Specified",NA,"On","Plant",NA,NA,NA,"Quarantine","Quarantine","Quarantine","Quarantine","Entomology",679466,NA
"24",314556,"MDBEL18020034","AQI","PIS","2018-02-27","Canada","MEMPHIS, TN (2006)","MEMPHIS, TN (2006)",NA,NA,35.0624,-89.95224,"Airport - Aircraft - Express Carrier - PIS",", ",NA,"Plant","Propagative Material","Prunus sp. - Prunus sp.","Prunus sp.",111,"Plant Units","USDA-APHIS-PPQ",1037669,NA,NA,"2018-02-27 14:19:49.0000000","MICHAEL WARING",NA,"MICHAEL WARING",233327,"Beltsville PIS","MD","Airport - Aircraft - Express Carrier - PIS","MDBEL18020034-DR01","MDBEL18020034","Urgent","Diagnostics Completed","PIS - Express Carrier",5003,"USDA Beltsville - Entomology","2018-02-27",2018,"Q1","February",2,"Waring, Michael",332,"Tydeidae","Animalia","Arthropoda","Arachnida","Trombidiformes","Tydeidae",NA,NA,"Final ID","Evans, Gregory","National Specialist","2018-02-28 06:25:26.0000000","Earned - Final",1,NA,NA,NA,NA,NA,NA,NA,NA,NA,"NIS",80,"2018-02-28 11:50:01.6430000","AQIP",1500,"Commodity/Permitted Organism",5861,"No Phytosanitary Action",497235,NA,NA,0,"Not Specified",NA,"On","Plant",5003,"USDA Beltsville - Entomology","MD","Non-Quarantine","Non-Quarantine","Non-Quarantine","Non-Quarantine","Acarology",497235,NA
"25",314556,"MDBEL18020034","AQI","PIS","2018-02-27","Canada","MEMPHIS, TN (2006)","MEMPHIS, TN (2006)",NA,NA,35.0624,-89.95224,"Airport - Aircraft - Express Carrier - PIS",", ",NA,"Plant","Propagative Material","Prunus sp. - Prunus sp.","Prunus sp.",111,"Plant Units","USDA-APHIS-PPQ",1037669,NA,NA,"2018-02-27 14:20:37.0000000","MICHAEL WARING",NA,"MICHAEL WARING",233331,"Beltsville PIS","MD","Airport - Aircraft - Express Carrier - PIS","MDBEL18020034-DR03","MDBEL18020034","Urgent","Diagnostics Completed","PIS - Express Carrier",5003,"USDA Beltsville - Entomology","2018-02-27",2018,"Q1","February",2,"Waring, Michael",311,"Tetranychus (Tetranychus) sp. (Tetranychidae)","Animalia","Arthropoda","Arachnida","Trombidiformes","Tetranychidae","Tetranychus",NA,"Final ID","Evans, Gregory","National Specialist","2018-02-28 09:47:51.0000000","Earned - Final",NA,NA,4,NA,NA,NA,NA,NA,NA,NA,"NIS",80,"2018-02-28 14:52:30.1610000","AQIP",1500,"Commodity/Permitted Organism",5861,"No Phytosanitary Action",497249,NA,NA,0,"Not Specified",NA,"On","Plant",5003,"USDA Beltsville - Entomology","MD","Quarantine","Quarantine","Quarantine","Quarantine","Acarology",497249,NA
"26",314556,"MDBEL18020034","AQI","PIS","2018-02-27","Canada","MEMPHIS, TN (2006)","MEMPHIS, TN (2006)",NA,NA,35.0624,-89.95224,"Airport - Aircraft - Express Carrier - PIS",", ",NA,"Plant","Propagative Material","Prunus sp. - Prunus sp.","Prunus sp.",111,"Plant Units","USDA-APHIS-PPQ",1037669,NA,NA,"2018-02-27 14:20:24.0000000","MICHAEL WARING",NA,"MICHAEL WARING",233328,"Beltsville PIS","MD","Airport - Aircraft - Express Carrier - PIS","MDBEL18020034-DR02","MDBEL18020034","Urgent","Diagnostics Completed","PIS - Express Carrier",5001,"National Museum of Natural History","2018-02-27",2018,"Q1","February",2,"Waring, Michael",364,"Insecta","Animalia","Arthropoda","Insecta",NA,NA,NA,NA,"Final ID","Touchet, Michele","National Specialist","2018-02-28 09:29:16.0000000","Earned - Final",NA,NA,2,NA,NA,NA,NA,NA,NA,NA,"NIS",80,"2018-02-28 14:37:39.2730000","AQIP",1500,"Commodity/Permitted Organism",5861,"No Phytosanitary Action",497238,NA,NA,0,"Not Specified",NA,"On","Plant",5003,"USDA Beltsville - Entomology","MD","Quarantine","Quarantine","Quarantine","Quarantine","Entomology",497238,NA
"27",74640,"2301-5564559","AQI","CBP","2020-06-22","Mexico","BROWNSVILLE, TX (2301)","BROWNSVILLE, TX (2301)",NA,NA,25.95678,-97.35748,"Land Border - Truck - Conveyance - CBP",", ",NA,"Plant","Fresh Fruits & Vegetables","Prunus domestica - PLUM","Prunus domestica",910,"Kilograms","Not Selected",132440,NA,NA,"2020-06-22 04:00:00.0000000"," ","LORNA P ROWLAND","LORNA P ROWLAND",46874,"BROWNSVILLE, TX (2301)","TX","Land Border - Truck - Conveyance - CBP","2301-5564559-DR02","2301-5564559","Urgent","Diagnostics Completed","CBP - Conveyance",70014,"Los Indios PIS","2020-06-22",2020,"Q2","June",6,"Hansen, Jason",5664,"Diaspididae","Animalia","Arthropoda","Insecta","Hemiptera","Diaspididae",NA,NA,"Final ID","Hansen, Jason","Area Identifier","2020-06-22 05:00:00.0000000","Conferred - Final",2,NA,NA,NA,NA,0,NA,NA,NA,NA,"Area Identifier",125,"2020-06-22 16:40:58.9460000","AQIP",1500,"Commodity/Permitted Organism",5861,"No Phytosanitary Action",81779,NA,NA,5852,"Permit Cargo",NA,"On","Dried Fruit",70014,"Los Indios PIS","TX","Quarantine","Quarantine","Quarantine","Quarantine","Entomology",81779,NA
"28",74640,"2301-5564559","AQI","CBP","2020-06-22","Mexico","BROWNSVILLE, TX (2301)","BROWNSVILLE, TX (2301)",NA,NA,25.95678,-97.35748,"Land Border - Truck - Conveyance - CBP",", ",NA,"Plant","Fresh Fruits & Vegetables","Prunus domestica - PLUM","Prunus domestica",910,"Kilograms","Not Selected",132440,NA,NA,"2020-06-22 04:00:00.0000000"," ","LORNA P ROWLAND","LORNA P ROWLAND",46880,"BROWNSVILLE, TX (2301)","TX","Land Border - Truck - Conveyance - CBP","2301-5564559-DR01","2301-5564559","Urgent","Diagnostics Completed","CBP - Conveyance",5004,"National Museum of Natural History Botany","2020-06-22",2020,"Q2","June",6,"Mireles, Oscar",19299,"Andropogon sp. (Poaceae)","Plantae",NA,"Liliopsida","Poales","Poaceae","Andropogon",NA,"Final ID","Thurmond, Mark","National Specialist","2020-06-22 04:00:00.0000000","Earned - Final",NA,NA,NA,NA,NA,NA,NA,NA,NA,NA,"NIS",254,"2020-06-22 21:03:05.2640000","AQIP",1500,"Commodity/Permitted Organism",5861,"No Phytosanitary Action",81792,NA,NA,5852,"Permit Cargo",NA,"On","Dried Fruit",5004,"National Museum of Natural History Botany","DC","Non-Quarantine","Non-Quarantine","Non-Quarantine","Non-Quarantine","Botany",81792,NA
"29",1650204,"2709-10734999","AQI","CBP","2024-03-13","Chile","LONG BEACH, CA (2709)","LONG BEACH, CA (2709)",NA,NA,33.76692,-118.18895,"Maritime Port - Vessel - Cargo - CBP",", ",NA,"Plant","Fresh Fruits & Vegetables","Prunus domestica - PLUM","Prunus domestica",16800,"Kilograms","PACIFIC TRELLIS FRUIT, 5108 E CLINTON WAY, SUITE 108, FRESNO, CA 93727-2043",3531995,NA,NA,"2024-03-13 19:52:47.9770000"," ","WAI YIN CHIU","WAI YIN CHIU",690681,"LONG BEACH, CA (2709)","CA","Maritime Port - Vessel - Cargo - CBP","2709-10734999-DR01","2709-10734999","Urgent","Diagnostics Completed","CBP - Cargo",70017,"APHIS Headquarters","2024-03-14",2024,"Q1","March",3,"Maller, Liana",7702,"Grapholita sp. (Tortricidae)","Animalia","Arthropoda","Insecta","Lepidoptera","Tortricidae","Grapholita",NA,"Final ID","Metz, Mark","National Specialist","2024-03-14 04:00:00.0000000","Earned - Final",NA,NA,NA,1,NA,NA,NA,NA,NA,NA,"NIS",78,"2024-03-14 15:45:03.4460000","AQIP",1500,"Commodity/Permitted Organism",5860,"Phytosanitary Action",1453353,"Re-export, Destroy, or Treat","T101-a-3",0,"Not Specified","Entry# NM2-22576578
Container# SEKU9186395","In","Fruit",5001,"National Museum of Natural History","DC","Quarantine","Quarantine","Quarantine","Quarantine","Entomology",1453353,NA
"30",233043,"MDBEL19020016","AQI","PIS","2019-02-25","Greece","CINCINNATI, OH (4102)","CINCINNATI, OH (4102)",NA,NA,39.04656,-84.62499,"Airport - Aircraft - Express Carrier - PIS",", ",NA,"Plant","Propagative Material","Prunus sp. - Prunus sp.","Prunus sp.",35,"Plant Units","Foundation Plant Services, UC-Davis",709905,NA,NA,"2019-02-25 18:19:09.0000000","MICHAEL WARING",NA,"MICHAEL WARING",164777,"Beltsville PIS","MD","Airport - Aircraft - Express Carrier - PIS","MDBEL19020016-DR01","MDBEL19020016","Urgent","Diagnostics Completed","PIS - Express Carrier",5003,"USDA Beltsville - Entomology","2019-02-25",2019,"Q1","February",2,"Waring, Michael",5918,"Parlatoria oleae (Colvee) (Diaspididae)","Animalia","Arthropoda","Insecta","Hemiptera","Diaspididae","Parlatoria","oleae","Final ID","Schneider, Scott","National Specialist","2019-02-26 15:22:29.0000000","Earned - Final",4,NA,NA,NA,NA,1,NA,NA,NA,NA,"NIS",180,"2019-02-26 20:25:07.3350000","AQIP",1500,"Commodity/Permitted Organism",5861,"No Phytosanitary Action",344195,NA,NA,0,"Not Specified",NA,"On","Plant",5003,"USDA Beltsville - Entomology","MD","Non-Quarantine","Non-Quarantine","Uncategorized","Uncategorized","Entomology",344195,NA
"31",233043,"MDBEL19020016","AQI","PIS","2019-02-25","Greece","CINCINNATI, OH (4102)","CINCINNATI, OH (4102)",NA,NA,39.04656,-84.62499,"Airport - Aircraft - Express Carrier - PIS",", ",NA,"Plant","Propagative Material","Prunus sp. - Prunus sp.","Prunus sp.",35,"Plant Units","Foundation Plant Services, UC-Davis",709905,NA,NA,"2019-02-25 18:20:42.0000000","MICHAEL WARING",NA,"MICHAEL WARING",164784,"Beltsville PIS","MD","Airport - Aircraft - Express Carrier - PIS","MDBEL19020016-DR02","MDBEL19020016","Urgent","Diagnostics Completed","PIS - Express Carrier",5003,"USDA Beltsville - Entomology","2019-02-25",2019,"Q1","February",2,"Waring, Michael",276,"Cenopalpus pulcher (Canestrini and Fanzago) (Tenuipalpidae)","Animalia","Arthropoda","Arachnida","Trombidiformes","Tenuipalpidae","Cenopalpus","pulcher","Final ID","Ochoa, Ronald","National Specialist","2019-02-26 06:42:43.0000000","Earned - Final",13,NA,7,NA,NA,NA,NA,NA,NA,NA,"NIS",180,"2019-02-26 13:54:24.7480000","AQIP",1500,"Commodity/Permitted Organism",5861,"No Phytosanitary Action",344210,NA,NA,0,"Not Specified",NA,"On","Plant",5003,"USDA Beltsville - Entomology","MD","Quarantine","Non-Quarantine","Quarantine","Quarantine","Acarology",344210,NA
"32",57677,"2302-5816452","AQI","CBP","2020-08-27","Mexico","DEL RIO, TX (2302)","DEL RIO, TX (2302)",NA,NA,29.81412,-100.91701,"Land Border - Truck - Cargo - CBP",", ",NA,"Plant","Logs","Prunus sp. - Prunus sp.","Prunus sp.",18160,"Kilograms","TIERRASCAPE IMPROVEMENT LTD, 5901 W NORTHVIEW AVE, GLENDALE, TX 85301, US",71843,NA,NA,"2020-08-27 04:00:00.0000000"," ","HOLLY M HEIMSOTH","HOLLY M HEIMSOTH",36144,"DEL RIO, TX (2302)","TX","Land Border - Truck - Cargo - CBP","2302-5816452-DR02","2302-5816452","Urgent","Diagnostics Completed","CBP - Cargo",5001,"National Museum of Natural History","2020-08-28",2020,"Q3","August",8,"Jones, Joshua",1162,"Curculionidae","Animalia","Arthropoda","Insecta","Coleoptera","Curculionidae",NA,NA,"Final ID","Nearns, Eugenio","National Specialist","2020-08-28 04:00:00.0000000","Earned - Final",NA,NA,NA,2,NA,NA,NA,NA,NA,NA,"NIS",938,"2020-08-28 18:35:25.5750000","AQIP",1500,"Commodity/Permitted Organism",5860,"Phytosanitary Action",57823,"Re-export Only","Not Specified",5851,"General Cargo","In apple wood firewood but no drop down results for this were available in iTDS","In","Trunk",5001,"National Museum of Natural History","DC","Quarantine","Quarantine","Quarantine","Quarantine","Entomology",57823,NA
"33",57677,"2302-5816452","AQI","CBP","2020-08-27","Mexico","DEL RIO, TX (2302)","DEL RIO, TX (2302)",NA,NA,29.81412,-100.91701,"Land Border - Truck - Cargo - CBP",", ",NA,"Plant","Logs","Prunus sp. - Prunus sp.","Prunus sp.",18160,"Kilograms","TIERRASCAPE IMPROVEMENT LTD, 5901 W NORTHVIEW AVE, GLENDALE, TX 85301, US",71843,NA,NA,"2020-08-27 04:00:00.0000000"," ","HOLLY M HEIMSOTH","HOLLY M HEIMSOTH",36152,"DEL RIO, TX (2302)","TX","Land Border - Truck - Cargo - CBP","2302-5816452-DR03","2302-5816452","Urgent","Diagnostics Completed","CBP - Cargo",5001,"National Museum of Natural History","2020-08-28",2020,"Q3","August",8,"Hedlund, Tyler",1713,"Phloeotribus sp. (Curculionidae)","Animalia","Arthropoda","Insecta","Coleoptera","Curculionidae","Phloeotribus",NA,"Final ID","Nearns, Eugenio","National Specialist","2020-08-28 04:00:00.0000000","Earned - Final",2,NA,NA,NA,NA,0,NA,NA,NA,NA,"NIS",938,"2020-08-28 18:36:49.9960000","AQIP",1500,"Commodity/Permitted Organism",5860,"Phytosanitary Action",57840,"Re-export Only","Not Specified",5851,"General Cargo","In apple wood firewood but no drop down results for this were available in iTDS","In","Trunk",5001,"National Museum of Natural History","DC","Quarantine","Quarantine","Quarantine","Quarantine","Entomology",57840,NA
"34",57677,"2302-5816452","AQI","CBP","2020-08-27","Mexico","DEL RIO, TX (2302)","DEL RIO, TX (2302)",NA,NA,29.81412,-100.91701,"Land Border - Truck - Cargo - CBP",", ",NA,"Plant","Logs","Prunus sp. - Prunus sp.","Prunus sp.",18160,"Kilograms","TIERRASCAPE IMPROVEMENT LTD, 5901 W NORTHVIEW AVE, GLENDALE, TX 85301, US",71843,NA,NA,"2020-08-27 04:00:00.0000000"," ","HOLLY M HEIMSOTH","HOLLY M HEIMSOTH",36163,"DEL RIO, TX (2302)","TX","Land Border - Truck - Cargo - CBP","2302-5816452-DR01","2302-5816452","Urgent","Diagnostics Completed","CBP - Cargo",5003,"USDA Beltsville - Entomology","2020-08-28",2020,"Q3","August",8,"Hedlund, Tyler",6732,"Calcaritermes sp. (Kalotermitidae)","Animalia","Arthropoda","Insecta","Isoptera","Kalotermitidae","Calcaritermes",NA,"Final ID","Evans, Gregory","National Specialist","2020-08-28 04:00:00.0000000","Earned - Final",4,NA,NA,NA,NA,0,NA,NA,NA,NA,"NIS",938,"2020-08-28 20:20:47.6940000","AQIP",1500,"Commodity/Permitted Organism",5861,"No Phytosanitary Action",57866,"Not Specified","Not Specified",5851,"General Cargo","In apple wood firewood but no drop down results for this were available in iTDS","In","Trunk",5003,"USDA Beltsville - Entomology","MD","Quarantine","Quarantine","Quarantine","Quarantine","Entomology",57866,NA
"35",250555,"2608-3112716","AQI","CBP","2018-12-05","Mexico","SAN LUIS, AZ (2608)","SAN LUIS, AZ (2608)",NA,NA,32.49551,-114.70641,"Land Border - Truck - Cargo - CBP",", ",NA,"Plant","Fresh Fruits & Vegetables","Prunus domestica - PLUM","Prunus domestica",3344,"Kilograms",NA,798464,NA,NA,"2018-12-05 04:00:00.0000000"," ","SAMUEL J ROMERO","SAMUEL J ROMERO",178717,"SAN LUIS, AZ (2608)","AZ","Land Border - Truck - Cargo - CBP","2608-3112716-DR02","2608-3112716","Urgent","Diagnostics Completed","CBP - Cargo",7662,"Yuma","2018-12-06",2018,"Q4","December",12,"Botz, Jason",2961,"Silvanidae","Animalia","Arthropoda","Insecta","Coleoptera","Silvanidae",NA,NA,"Final ID","Botz, Jason","Area Identifier","2018-12-05 07:00:00.0000000","Conferred - Final",3,NA,NA,NA,NA,0,NA,NA,NA,NA,"Area Identifier",133,"2018-12-06 17:54:04.8480000","AQIP",1500,"Commodity/Permitted Organism",5861,"No Phytosanitary Action",375024,NA,NA,5852,"Permit Cargo",NA,"On","Dried Fruit",7662,"Yuma","AZ","Non-Quarantine","Non-Quarantine","Non-Quarantine","Non-Quarantine","Entomology",375024,NA
"36",250555,"2608-3112716","AQI","CBP","2018-12-05","Mexico","SAN LUIS, AZ (2608)","SAN LUIS, AZ (2608)",NA,NA,32.49551,-114.70641,"Land Border - Truck - Cargo - CBP",", ",NA,"Plant","Fresh Fruits & Vegetables","Prunus domestica - PLUM","Prunus domestica",3344,"Kilograms",NA,798464,NA,NA,"2018-12-05 04:00:00.0000000"," ","SAMUEL J ROMERO","SAMUEL J ROMERO",178720,"SAN LUIS, AZ (2608)","AZ","Land Border - Truck - Cargo - CBP","2608-3112716-DR03","2608-3112716","Urgent","Diagnostics Completed","CBP - Cargo",7662,"Yuma","2018-12-06",2018,"Q4","December",12,"Botz, Jason",6480,"Braconidae","Animalia","Arthropoda","Insecta","Hymenoptera","Braconidae",NA,NA,"Final ID","Botz, Jason","Area Identifier","2018-12-05 07:00:00.0000000","Conferred - Final",2,NA,NA,NA,NA,0,NA,NA,NA,NA,"Area Identifier",133,"2018-12-06 17:56:34.7870000","AQIP",1500,"Commodity/Permitted Organism",5861,"No Phytosanitary Action",375031,NA,NA,5852,"Permit Cargo",NA,"On","Dried Fruit",7662,"Yuma","AZ","Non-Quarantine","Non-Quarantine","Non-Quarantine","Non-Quarantine","Entomology",375031,NA
"37",250555,"2608-3112716","AQI","CBP","2018-12-05","Mexico","SAN LUIS, AZ (2608)","SAN LUIS, AZ (2608)",NA,NA,32.49551,-114.70641,"Land Border - Truck - Cargo - CBP",", ",NA,"Plant","Fresh Fruits & Vegetables","Prunus domestica - PLUM","Prunus domestica",3344,"Kilograms",NA,798464,NA,NA,"2018-12-05 04:00:00.0000000"," ","SAMUEL J ROMERO","SAMUEL J ROMERO",178715,"SAN LUIS, AZ (2608)","AZ","Land Border - Truck - Cargo - CBP","2608-3112716-DR01","2608-3112716","Urgent","Diagnostics Completed","CBP - Cargo",7662,"Yuma","2018-12-06",2018,"Q4","December",12,"Botz, Jason",7548,"Cadra sp. (Pyralidae)","Animalia","Arthropoda","Insecta","Lepidoptera","Pyralidae","Cadra",NA,"Final ID","Botz, Jason","Area Identifier","2018-12-05 07:00:00.0000000","Conferred - Final",NA,NA,NA,1,NA,NA,NA,NA,0,NA,"Area Identifier",133,"2018-12-06 17:52:36.3790000","AQIP",1500,"Commodity/Permitted Organism",5861,"No Phytosanitary Action",375019,NA,NA,5852,"Permit Cargo",NA,"On","Dried Fruit",7662,"Yuma","AZ","Non-Quarantine","Non-Quarantine","Non-Quarantine","Non-Quarantine","Entomology",375019,NA
"38",453788,"2709-6794689","AQI","CBP","2021-04-27","Chile","LONG BEACH, CA (2709)","LONG BEACH, CA (2709)",NA,NA,33.76692,-118.18895,"Maritime Port - Vessel - Cargo - CBP",", ",NA,"Plant","Fresh Fruits & Vegetables","Prunus domestica - PLUM","Prunus domestica",16800,"Kilograms",NA,1574886,NA,NA,"2021-04-28 17:44:41.2330000"," ","SARA J MARTINEZ","SARA J MARTINEZ",333640,"LONG BEACH, CA (2709)","CA","Maritime Port - Vessel - Cargo - CBP","2709-6794689-DR02","2709-6794689","Urgent","Diagnostics Completed","CBP - Cargo",7839,"Long Beach","2021-04-28",2021,"Q2","April",4,"Maller, Liana",5664,"Diaspididae","Animalia","Arthropoda","Insecta","Hemiptera","Diaspididae",NA,NA,"Final ID","Maller, Liana","Area Identifier","2021-04-28 07:00:00.0000000","Conferred - Final",NA,NA,NA,NA,NA,NA,NA,NA,5,NA,"Area Identifier",322,"2021-04-28 18:25:08.5780000","AQIP",1500,"Commodity/Permitted Organism",5861,"No Phytosanitary Action",718639,NA,NA,0,"Not Specified","FOUND SCALE ON SURFACE OF PLUM","On","Fruit",7839,"Long Beach","CA","Quarantine","Quarantine","Quarantine","Quarantine","Entomology",718639,"Dead Organism; Not Viable"
"39",453788,"2709-6794689","AQI","CBP","2021-04-27","Chile","LONG BEACH, CA (2709)","LONG BEACH, CA (2709)",NA,NA,33.76692,-118.18895,"Maritime Port - Vessel - Cargo - CBP",", ",NA,"Plant","Fresh Fruits & Vegetables","Prunus domestica - PLUM","Prunus domestica",16800,"Kilograms",NA,1574886,NA,NA,"2021-04-28 17:44:39.9230000"," ","SARA J MARTINEZ","SARA J MARTINEZ",333639,"LONG BEACH, CA (2709)","CA","Maritime Port - Vessel - Cargo - CBP","2709-6794689-DR01","2709-6794689","Urgent","Diagnostics Completed","CBP - Cargo",7839,"Long Beach","2021-04-28",2021,"Q2","April",4,"Maller, Liana",6039,"Pseudococcidae","Animalia","Arthropoda","Insecta","Hemiptera","Pseudococcidae",NA,NA,"Final ID","Maller, Liana","Area Identifier","2021-04-28 07:00:00.0000000","Conferred - Final",NA,NA,NA,NA,NA,5,NA,4,NA,NA,"Area Identifier",322,"2021-04-28 18:23:59.6180000","AQIP",1500,"Commodity/Permitted Organism",5861,"No Phytosanitary Action",718637,NA,NA,0,"Not Specified","FOUND MEALY BUGS ON  PLUM NOT SEEN MOVING, FOUND EGGS WITH MEALY BUGS","On","Fruit",7839,"Long Beach","CA","Quarantine","Quarantine","Quarantine","Quarantine","Entomology",718637,"Dead Organism; Not Viable"
"40",428301,"2709-6600561","AQI","CBP","2021-03-18","Chile","LONG BEACH, CA (2709)","LONG BEACH, CA (2709)",NA,NA,33.76692,-118.18895,"Maritime Port - Vessel - Cargo - CBP",", ",NA,"Plant","Fresh Fruits & Vegetables","Prunus domestica - PLUM","Prunus domestica",17600,"Kilograms",NA,1511671,NA,NA,"2021-03-18 18:00:07.6850000"," ","JOEL H H JONG","JOEL H H JONG",321746,"LONG BEACH, CA (2709)","CA","Maritime Port - Vessel - Cargo - CBP","2709-6600561-DR01","2709-6600561","Urgent","Diagnostics Completed","CBP - Cargo",7839,"Long Beach","2021-03-19",2021,"Q1","March",3,"Lavi, Elizabeth",5664,"Diaspididae","Animalia","Arthropoda","Insecta","Hemiptera","Diaspididae",NA,NA,"Final ID","Lavi, Elizabeth","Area Identifier","2021-03-19 07:00:00.0000000","Earned - Final",23,NA,NA,NA,NA,NA,NA,NA,NA,NA,"Area Identifier",201,"2021-03-19 19:35:46.6380000","AQIP",1500,"Commodity/Permitted Organism",5861,"No Phytosanitary Action",694894,NA,NA,0,"Not Specified","Found on skin of plum by stem and turned in as is, not sure if alive","On","Fruit",7839,"Long Beach","CA","Quarantine","Quarantine","Quarantine","Quarantine","Entomology",694894,NA
"41",346641,"CASFO17090046","AQI","PIS","2017-09-18","Canada",NA,NA,NA,NA,NA,NA,"Airport - Aircraft - Mail - PIS Mail",", ",NA,"Plant","Propagative Material","Prunus sp. - Prunus sp.","Prunus sp.",145,"Plant Units","DAVE GZIK",1176844,NA,NA,"2017-09-20 15:07:15.0000000","SHANA GALLANT",NA,"SHANA GALLANT",260617,"San Francisco PIS","CA","Airport - Aircraft - Mail - PIS Mail","CASFO17090046-DR01","CASFO17090046","Urgent","Diagnostics Completed","PIS - Mail",5000,"Academy of Natural Sciences","2017-09-20",2017,"Q3","September",9,"Smith-Pardo, Allan",8986,"Deroceras reticulatum or laeve (Agriolimacidae)","Animalia","Mollusca","Gastropoda","Stylommatophora","Agriolimacidae","Deroceras","reticulatum or laeve","Final ID","Borrero, Francisco","National Specialist","2017-09-20 00:00:00.0000000","Earned - Final",NA,NA,NA,7,NA,NA,NA,NA,NA,NA,"NIS",16,"2017-09-20 15:59:28.8920000","AQIP",1500,"Commodity/Permitted Organism",5861,"No Phytosanitary Action",558393,"Not Specified",NA,0,"Not Specified",NA,"On","Leaf",5000,"Academy of Natural Sciences","PA","Non-Quarantine","Non-Quarantine","Uncategorized","Uncategorized","Malacology",558393,NA
"42",435003,"WASEA21040002","AQI","PIS","2021-04-02","Netherlands","SEATTLE, WA (3001)","SEATTLE, WA (3001)",NA,NA,47.60549,-122.33537,"Airport - Aircraft - Express Carrier - PIS",", ",NA,"Plant","Propagative Material","Prunus salicina - Prunus salicina","Prunus salicina",6,"Plant Units","Brandt's Fruit Trees Inc.",1530014,NA,NA,"2021-04-02 18:00:48.3640000","RICKY CORDER",NA,"RICKY CORDER",324834,"Seattle PIS","WA","Airport - Aircraft - Express Carrier - PIS","WASEA21040002-DR02","WASEA21040002","Urgent","Diagnostics Completed","PIS - Express Carrier",70016,"Seattle PIS","2021-04-02",2021,"Q2","April",4,"Minnis, Andrew",11028,"Sphaerobolus sp. (Geastraceae)","Fungi",NA,"Agaricomycetes","Geastrales","Geastraceae","Sphaerobolus",NA,"Final ID","Minnis, Andrew","Area Identifier","2021-04-02 07:00:00.0000000","Earned - Final",NA,NA,NA,NA,NA,NA,NA,NA,NA,NA,"Area Identifier",177,"2021-04-02 18:05:53.3220000","AQIP",1500,"Commodity/Permitted Organism",5861,"No Phytosanitary Action",701452,NA,NA,0,"Not Specified",NA,"On","Plant",70016,"Seattle PIS","WA","Non-Quarantine","Non-Quarantine","Non-Quarantine","Non-Quarantine","Plant Pathology",701452,NA
"43",435003,"WASEA21040002","AQI","PIS","2021-04-02","Netherlands","SEATTLE, WA (3001)","SEATTLE, WA (3001)",NA,NA,47.60549,-122.33537,"Airport - Aircraft - Express Carrier - PIS",", ",NA,"Plant","Propagative Material","Prunus salicina - Prunus salicina","Prunus salicina",6,"Plant Units","Brandt's Fruit Trees Inc.",1530014,NA,NA,"2021-04-02 18:00:48.3640000","RICKY CORDER",NA,"RICKY CORDER",324831,"Seattle PIS","WA","Airport - Aircraft - Express Carrier - PIS","WASEA21040002-DR01","WASEA21040002","Urgent","Diagnostics Completed","PIS - Express Carrier",70016,"Seattle PIS","2021-04-02",2021,"Q2","April",4,"Minnis, Andrew",9889,"Cladosporium sp. (Cladosporiaceae)","Fungi",NA,"Dothideomycetes","Cladosporiales","Cladosporiaceae","Cladosporium",NA,"Final ID","Minnis, Andrew","Area Identifier","2021-04-02 07:00:00.0000000","Earned - Final",NA,NA,NA,NA,NA,NA,NA,NA,NA,NA,"Area Identifier",177,"2021-04-02 18:53:34.5490000","AQIP",1500,"Commodity/Permitted Organism",5861,"No Phytosanitary Action",701453,NA,NA,0,"Not Specified",NA,"On","Plant",70016,"Seattle PIS","WA","Quarantine","Quarantine","Quarantine","Quarantine","Plant Pathology",701453,"Saprobe"
"44",1619075,"MDBEL24020013","AQI","PIS","2024-02-22","Turkey","MEMPHIS, TN (2006)","MEMPHIS, TN (2006)",NA,NA,35.0624,-89.95224,"Airport - Aircraft - Express Carrier - PIS",", ",NA,"Plant","Propagative Material","Prunus sp. - Prunus sp.","Prunus sp.",50,"Plant Units","Maher Al Rwahnih",3480931,NA,NA,"2024-02-23 19:15:46.7370000","SAMANTHA BAKER",NA,"SAMANTHA BAKER",683807,"Beltsville PIS","MD","Airport - Aircraft - Express Carrier - PIS","MDBEL24020013-DR01","MDBEL24020013","Urgent","Diagnostics Completed","PIS - Express Carrier",70017,"APHIS Headquarters","2024-02-26",2024,"Q1","February",2,"Savage, Andrea",89633,"Comstockaspis perniciosa (Comstock) (Diaspididae)","Animalia","Arthropoda","Insecta","Hemiptera","Diaspididae","Comstockaspis","perniciosa","Final ID","Schneider, Scott","National Specialist","2024-02-26 05:00:00.0000000","Earned - Final",16,NA,NA,NA,NA,NA,NA,NA,NA,NA,"NIS",2704,"2024-02-26 22:23:00.0930000","AQIP",1500,"Commodity/Permitted Organism",5861,"No Phytosanitary Action",1440278,NA,NA,0,"Not Specified",NA,"On","Stem",5003,"USDA Beltsville - Entomology","MD","Non-Quarantine","Non-Quarantine","Non-Quarantine","Uncategorized","Entomology",1440278,NA
"45",225676,"MDBEL19030027","AQI","PIS","2019-03-28","Japan","JOHN F KENNEDY AIRPORT (4701)","JOHN F KENNEDY AIRPORT (4701)",NA,NA,40.65287,-73.81491,"Airport - Aircraft - Express Carrier - PIS",", ",NA,"Plant","Propagative Material","Prunus sp. - Prunus sp.","Prunus sp.",22,"Plant Units","USDA-APHIS-PPQ",673768,NA,NA,"2019-03-28 13:49:08.0000000","MICHAEL WARING",NA,"MICHAEL WARING",158817,"Beltsville PIS","MD","Airport - Aircraft - Express Carrier - PIS","MDBEL19030027-DR01","MDBEL19030027","Urgent","Diagnostics Completed","PIS - Express Carrier",5003,"USDA Beltsville - Entomology","2019-03-28",2019,"Q1","March",3,"Waring, Michael",5947,"Pseudaulacaspis prunicola (Maskell) (Diaspididae)","Animalia","Arthropoda","Insecta","Hemiptera","Diaspididae","Pseudaulacaspis","prunicola","Final ID","Schneider, Scott","National Specialist","2019-03-29 13:42:02.0000000","Earned - Final",6,NA,NA,NA,NA,NA,NA,NA,NA,NA,"NIS",180,"2019-03-29 17:49:13.9010000","AQIP",1500,"Commodity/Permitted Organism",5861,"No Phytosanitary Action",331077,NA,NA,0,"Not Specified",NA,"On","Plant",5003,"USDA Beltsville - Entomology","MD","Non-Quarantine","Non-Quarantine","Uncategorized","Uncategorized","Entomology",331077,NA
"46",2167259,"MDBEL25030010","AQI","PIS","2025-03-07","United Kingdom of Great Britain and N. Ireland","DHL COURIER CINCINNATI (4197)","DHL COURIER CINCINNATI (4197)",NA,NA,39.044136,-84.6185,"Airport - Aircraft - Express Carrier - PIS",", ",NA,"Plant","Propagative Material","Prunus sp. - Prunus sp.","Prunus sp.",35,"Plant Units","USDA-APHIS-PPQ",4296198,NA,NA,"2025-03-07 22:03:48.6900000","BRANDON FISH",NA,"BRANDON FISH",804940,"Beltsville PIS","MD","Airport - Aircraft - Express Carrier - PIS","MDBEL25030010-DR01","MDBEL25030010","Urgent","Diagnostics Completed","PIS - Express Carrier",70011,"Linden PIS","2025-03-11",2025,"Q1","March",3,"Wallner, Adam",77,"Phytoseiidae","Animalia","Arthropoda","Arachnida","Mesostigmata","Phytoseiidae",NA,NA,"Final ID","Wallner, Adam","Area Identifier","2025-03-11 04:00:00.0000000","Conferred - Final",1,NA,NA,NA,NA,NA,NA,NA,NA,NA,"Area Identifier",251,"2025-03-11 18:44:30.8940000","AQIP",1500,"Commodity/Permitted Organism",5861,"No Phytosanitary Action",1706972,NA,NA,0,"Not Specified",NA,"On","Cutting",70011,"Linden PIS","NJ","Non-Quarantine","Non-Quarantine","Non-Quarantine","Non-Quarantine","Acarology",1706972,NA
"47",1839818,"4196-11092509","AQI","CBP","2024-07-24","Israel","UPS COURIER LOUISVILLE (4196)","UPS COURIER LOUISVILLE (4196)",NA,NA,38.221165,-85.549667,"Airport - Aircraft - Express Carrier - CBP",", ",NA,"Plant","Fresh Fruits & Vegetables","Prunus domestica - PLUM","Prunus domestica",1.87,"Kilograms","ALI ABU HASHISH, 10801 S HARLEM AVE APT 1 S, WORTH, IL 60482, US",3806523,NA,NA,"2024-07-24 08:02:34.6050000"," ","SHAYNE VAN LEER","SHAYNE VAN LEER",735757,"UPS COURIER LOUISVILLE (4196)","KY","Airport - Aircraft - Express Carrier - CBP","4196-11092509-DR01","4196-11092509","Urgent","Diagnostics Completed","CBP - Express Carrier",70017,"APHIS Headquarters","2024-07-25",2024,"Q3","July",7,"Leavengood, John",3247,"Ceratitis capitata (Wiedemann)  (Tephritidae)","Animalia","Arthropoda","Insecta","Diptera","Tephritidae","Ceratitis","capitata","Final ID","Norrbom, Allen","National Specialist","2024-07-26 04:00:00.0000000","Earned - Final",NA,NA,NA,1,NA,NA,NA,NA,NA,NA,"NIS",1242,"2024-07-26 17:36:47.9440000","AQIP",1500,"Commodity/Permitted Organism",5860,"Phytosanitary Action",1552687,"Re-export or Destroy","Not Specified",0,"Not Specified",NA,"On","Fruit",5001,"National Museum of Natural History","DC","Quarantine","Quarantine","Uncategorized","Uncategorized","Entomology",1552687,NA
"48",1839818,"4196-11092509","AQI","CBP","2024-07-24","Israel","UPS COURIER LOUISVILLE (4196)","UPS COURIER LOUISVILLE (4196)",NA,NA,38.221165,-85.549667,"Airport - Aircraft - Express Carrier - CBP",", ",NA,"Plant","Fresh Fruits & Vegetables","Prunus domestica - PLUM","Prunus domestica",1.87,"Kilograms","ALI ABU HASHISH, 10801 S HARLEM AVE APT 1 S, WORTH, IL 60482, US",3806523,NA,NA,"2024-07-24 08:02:36.6230000"," ","SHAYNE VAN LEER","SHAYNE VAN LEER",735758,"UPS COURIER LOUISVILLE (4196)","KY","Airport - Aircraft - Express Carrier - CBP","4196-11092509-DR02","4196-11092509","Urgent","Diagnostics Completed","CBP - Express Carrier",8002,"Tampa","2024-07-25",2024,"Q3","July",7,"Leavengood, John",3116,"Drosophilidae","Animalia","Arthropoda","Insecta","Diptera","Drosophilidae",NA,NA,"Final ID","Leavengood, John","Area Identifier","2024-07-25 04:00:00.0000000","Conferred - Final",1,NA,NA,NA,NA,NA,NA,NA,NA,NA,"Area Identifier",124,"2024-07-25 15:28:35.7890000","AQIP",1500,"Commodity/Permitted Organism",5861,"No Phytosanitary Action",1551863,"Not Specified","Not Specified",0,"Not Specified",NA,"On","Fruit",8002,"Tampa","FL","Non-Quarantine","Non-Quarantine","Non-Quarantine","Non-Quarantine","Entomology",1551863,NA
"49",721583,"2304-8393716","AQI","CBP","2022-05-10","Mexico","LAREDO, TX (2304)","LAREDO, TX (2304)",NA,NA,27.51374,-99.50199,"Land Border - Truck - Cargo - CBP",", ",NA,"Plant","Logs","Prunus sp. - Prunus sp.","Prunus sp.",18144,"Kilograms",NA,2163902,NA,NA,"2022-05-10 16:47:48.4430000"," ","CARLOS RAMOS","CARLOS RAMOS",464458,"LAREDO, TX (2304)","TX","Land Border - Truck - Cargo - CBP","2304-8393716-DR01","2304-8393716","Urgent","Diagnostics Completed","CBP - Cargo",70017,"APHIS Headquarters","2022-05-10",2022,"Q2","May",5,"Burns, Mary",394,"Bostrichidae","Animalia","Arthropoda","Insecta","Coleoptera","Bostrichidae",NA,NA,"Final ID","Nearns, Eugenio","National Specialist","2022-05-10 04:00:00.0000000","Earned - Final",NA,NA,NA,6,3,NA,NA,NA,NA,NA,"NIS",938,"2022-05-10 18:19:47.3210000","AQIP",1500,"Commodity/Permitted Organism",5861,"No Phytosanitary Action",987990,NA,NA,0,"Not Specified","C/O XP LOGISTICS, WT2022487, TRL# PF010","In","Trunk",5001,"National Museum of Natural History","DC","Quarantine","Non-Quarantine","Quarantine","Quarantine","Entomology",987990,NA
"50",397497,"MDBEL17010010","AQI","PIS","2017-01-18","Belgium","JOHN F KENNEDY AIRPORT (4701)","JOHN F KENNEDY AIRPORT (4701)",NA,NA,40.65287,-73.81491,"Airport - Aircraft - Express Carrier - PIS",", ",NA,"Plant","Propagative Material","Prunus sp. - Prunus sp.","Prunus sp.",10,"Plant Units","IAREC",1368949,NA,NA,"2017-01-18 08:15:07.0000000","PAUL IJAMS",NA,"PAUL IJAMS",306844,"Beltsville PIS","MD","Airport - Aircraft - Express Carrier - PIS","MDBEL17010010-DR01","MDBEL17010010","Urgent","Diagnostics Completed","PIS - Express Carrier",5003,"USDA Beltsville - Entomology","2017-01-18",2017,"Q1","January",1,"Ijams, Paul",5321,"Aphididae","Animalia","Arthropoda","Insecta","Hemiptera","Aphididae",NA,NA,"Final ID","Ochoa, Ronald","National Specialist","2017-01-19 00:00:00.0000000","Tentative - Route to NS",0,0,2,0,0,0,0,0,0,0,"NIS",261,"2017-01-19 14:04:51.2630000","AQIP",1500,"Commodity/Permitted Organism",5860,"Phytosanitary Action",661214,"Re-export, Destroy, or Treat","T201-c-1",0,"Not Specified",NA,"On","Plant",NA,NA,NA,"Quarantine","Quarantine","Quarantine","Quarantine","Entomology",661214,NA
"51",2100298,"MDBEL25010007","AQI","PIS","2025-01-22","France","CINCINNATI, OH (4102)","CINCINNATI, OH (4102)",NA,NA,39.04656,-84.62499,"Airport - Aircraft - Express Carrier - PIS",", ",NA,"Plant","Propagative Material","Prunus sp. - Prunus sp.","Prunus sp.",45,"Plant Units","Foundation Plant Services, UC-Davis",4179231,NA,NA,"2025-01-22 17:33:30.4520000","SAMANTHA BAKER",NA,"SAMANTHA BAKER",790403,"Beltsville PIS","MD","Airport - Aircraft - Express Carrier - PIS","MDBEL25010007-DR02","MDBEL25010007","Urgent","Diagnostics Completed","PIS - Express Carrier",70017,"APHIS Headquarters","2025-01-23",2025,"Q1","January",1,"Turner, Ashley",41199,"Sooty mold","Fungi",NA,NA,NA,NA,"Sooty","mold","Final ID","Romberg, Megan","National Specialist","2025-01-23 05:00:00.0000000","Earned - Final",NA,NA,NA,NA,NA,NA,NA,NA,NA,NA,"Area Identifier",53,"2025-01-23 20:44:25.6210000","AQIP",1500,"Commodity/Permitted Organism",5861,"No Phytosanitary Action",1672189,"Not Specified","Not Specified",0,"Not Specified",NA,"On","Cutting",5009,"USDA Beltsville - Plant Pathology","MD","Non-Quarantine","Non-Quarantine","Uncategorized","Uncategorized","Plant Pathology",1672189,"Saprobe"
"52",2100298,"MDBEL25010007","AQI","PIS","2025-01-22","France","CINCINNATI, OH (4102)","CINCINNATI, OH (4102)",NA,NA,39.04656,-84.62499,"Airport - Aircraft - Express Carrier - PIS",", ",NA,"Plant","Propagative Material","Prunus sp. - Prunus sp.","Prunus sp.",45,"Plant Units","Foundation Plant Services, UC-Davis",4179231,NA,NA,"2025-01-22 17:09:08.9250000","SAMANTHA BAKER",NA,"SAMANTHA BAKER",790389,"Beltsville PIS","MD","Airport - Aircraft - Express Carrier - PIS","MDBEL25010007-DR01","MDBEL25010007","Urgent","Diagnostics Completed","PIS - Express Carrier",70017,"APHIS Headquarters","2025-01-22",2025,"Q1","January",1,"Savage, Andrea",33997,"Acari","Animalia","Arthropoda","Arachnida",NA,NA,NA,NA,"Final ID","Ochoa, Ronald","National Specialist","2025-01-22 05:00:00.0000000","Earned - Final",NA,NA,4,NA,NA,NA,NA,NA,NA,NA,"NIS",938,"2025-01-22 21:34:44.1370000","AQIP",1500,"Commodity/Permitted Organism",5860,"Phytosanitary Action",1671204,"Re-export, Destroy, or Treat","T201-c-1",0,"Not Specified",NA,"On","Cutting",5003,"USDA Beltsville - Entomology","MD","Quarantine","Quarantine","Quarantine","Quarantine","Acarology",1671204,NA
"53",1693257,"4701-10834575","AQI","CBP","2024-04-12","Viet Nam","JOHN F KENNEDY AIRPORT (4701)","JOHN F KENNEDY AIRPORT (4701)",NA,NA,40.65287,-73.81491,"Airport - Aircraft - Express Carrier - CBP",", ",NA,"Plant","Propagative Material","Prunus sp. - Prunus sp.","Prunus sp.",1,"Plant Units",NA,3602028,NA,NA,"2024-04-15 15:10:45.0110000"," ","IRINA V VASILYUK","IRINA V VASILYUK",700651,"JOHN F KENNEDY AIRPORT (4701)","NY","Airport - Aircraft - Express Carrier - CBP","4701-10834575-DR01","4701-10834575","Urgent","Diagnostics Completed","CBP - Express Carrier",70012,"JFK PIS","2024-04-15",2024,"Q2","April",4,"Towson, Alan",9637,"Tylenchorhynchus leviterminalis (Siddiqi, Mukherjee & Dasgupta) Siddiqi (Telotylenchidae)","Animalia","Nematoda","Chromadorea","Rhabditida","Telotylenchidae","Tylenchorhynchus","leviterminalis","Final ID","Towson, Alan","Area Identifier","2024-04-15 04:00:00.0000000","Earned - Final",5,NA,NA,NA,NA,NA,NA,NA,NA,NA,"Area Identifier",147,"2024-04-15 15:14:18.4890000","AQIP",1500,"Commodity/Permitted Organism",5860,"Phytosanitary Action",1476238,"Re-export or Destroy","Not Specified",0,"Not Specified",NA,"With","Root",70012,"JFK PIS","NY","Quarantine","Quarantine","Uncategorized","Uncategorized","Nematology",1476238,NA
"54",449495,"2720-6765886","AQI","PIS","2021-04-28","China","LOS ANGELES INT AIRPORT (2720)","LOS ANGELES INT AIRPORT (2720)",NA,NA,33.93468,-118.37018,"Airport - Aircraft - Express Carrier - PIS",", ",NA,"Plant","Propagative Material","Prunus sp. - Prunus sp.","Prunus sp.",50,"Plant Units","Vic Wang",1582447,NA,NA,"2021-05-10 20:28:23.8190000","CHUCK LUCAS",NA,"CHUCK LUCAS",337995,"Los Angeles PIS","CA","Airport - Aircraft - Express Carrier - PIS","2720-6765886-DR05","2720-6765886","Urgent","Diagnostics Completed","PIS - Express Carrier",70017,"APHIS Headquarters","2021-05-10",2021,"Q2","May",5,"Tedla, Tesfaye",10412,"Penicillium sp. (Trichocomaceae)","Fungi",NA,"Eurotiomycetes","Eurotiales","Trichocomaceae","Penicillium",NA,"Final ID","McKemy, John","National Specialist","2021-05-11 04:00:00.0000000","Earned - Final",NA,NA,NA,NA,NA,NA,NA,NA,NA,NA,"NIS",1242,"2021-05-11 18:08:50.7810000","AQIP",1500,"Commodity/Permitted Organism",5861,"No Phytosanitary Action",727922,"Not Specified","Not Specified",0,"Not Specified",NA,"On","Plant",5009,"USDA Beltsville - Plant Pathology","MD","Non-Quarantine","Non-Quarantine","Non-Quarantine","Non-Quarantine","Plant Pathology",727922,NA
"55",449495,"2720-6765886","AQI","PIS","2021-04-28","China","LOS ANGELES INT AIRPORT (2720)","LOS ANGELES INT AIRPORT (2720)",NA,NA,33.93468,-118.37018,"Airport - Aircraft - Express Carrier - PIS",", ",NA,"Plant","Propagative Material","Prunus sp. - Prunus sp.","Prunus sp.",50,"Plant Units","Vic Wang",1582447,NA,NA,"2021-05-10 20:44:49.6880000","CHUCK LUCAS",NA,"CHUCK LUCAS",338009,"Los Angeles PIS","CA","Airport - Aircraft - Express Carrier - PIS","2720-6765886-DR07","2720-6765886","Urgent","Diagnostics Completed","PIS - Express Carrier",70017,"APHIS Headquarters","2021-05-10",2021,"Q2","May",5,"Wong, Joseph",5219,"Aleyrodes sp. (Aleyrodidae)","Animalia","Arthropoda","Insecta","Hemiptera","Aleyrodidae","Aleyrodes",NA,"Final ID","Stocks, Ian","National Specialist","2021-05-11 04:00:00.0000000","Earned - Final",1,NA,NA,NA,NA,NA,NA,NA,NA,NA,"NIS",1242,"2021-05-11 16:02:59.0300000","AQIP",1500,"Commodity/Permitted Organism",5860,"Phytosanitary Action",727773,"Re-export, Destroy, or Treat","T201-c-1",0,"Not Specified",NA,"With","Plant",5003,"USDA Beltsville - Entomology","MD","Quarantine","Quarantine","Quarantine","Quarantine","Entomology",727773,NA
"56",225830,"CALAX19030248","AQI","PIS","2019-03-28","China","LOS ANGELES INT AIRPORT (2720)","LOS ANGELES INT AIRPORT (2720)",NA,NA,33.93468,-118.37018,"Airport - Aircraft - Express Carrier - PIS",", ",NA,"Plant","Propagative Material","Prunus sp. - Prunus sp.","Prunus sp.",2,"Plant Units","DAISY MILICH",674336,NA,NA,"2019-04-02 16:33:45.0000000","RONA BARSOUM",NA,"RONA BARSOUM",158965,"Los Angeles PIS","CA","Airport - Aircraft - Express Carrier - PIS","CALAX19030248-DR05","CALAX19030248","Urgent","Diagnostics Completed","PIS - Express Carrier",5003,"USDA Beltsville - Entomology","2019-04-02",2019,"Q2","April",4,"Lindsey, Bert",5947,"Pseudaulacaspis prunicola (Maskell) (Diaspididae)","Animalia","Arthropoda","Insecta","Hemiptera","Diaspididae","Pseudaulacaspis","prunicola","Final ID","Schneider, Scott","National Specialist","2019-04-03 11:34:50.0000000","Earned - Final",3,NA,NA,2,NA,NA,NA,NA,NA,NA,"NIS",59,"2019-04-03 15:58:07.7490000","AQIP",1500,"Commodity/Permitted Organism",5861,"No Phytosanitary Action",331410,NA,NA,0,"Not Specified",NA,"In","Plant",5003,"USDA Beltsville - Entomology","MD","Non-Quarantine","Non-Quarantine","Uncategorized","Uncategorized","Entomology",331410,NA
"57",186658,"4601-4455991","AQI","CBP","2019-09-16","Panama","NEW YORK/NEWARK AREA (4601)","NEW YORK/NEWARK AREA (4601)",NA,NA,40.73591,-74.16594,"Maritime Port - Vessel - Cargo - CBP",", ",NA,"Plant","Logs","Prunus sp. - Prunus sp.","Prunus sp.",21000,"Kilograms",NA,532330,NA,NA,"2019-09-16 04:00:00.0000000"," ","MD A YOUSUF","MD A YOUSUF",125679,"NEW YORK/NEWARK AREA (4601)","NJ","Maritime Port - Vessel - Cargo - CBP","4601-4455991-DR02","4601-4455991","Urgent","Diagnostics Completed","CBP - Cargo",70011,"Linden PIS","2019-09-17",2019,"Q3","September",9,"Zhang, Jianxin",3191,"Stratiomyidae","Animalia","Arthropoda","Insecta","Diptera","Stratiomyidae",NA,NA,"Final ID","Zhang, Jianxin","Area Identifier","2019-09-17 09:49:27.0000000","Earned - Final",NA,NA,NA,NA,1,NA,NA,NA,NA,0,"Area Identifier",42,"2019-09-17 13:52:13.5850000","AQIP",1500,"Commodity/Permitted Organism",5861,"No Phytosanitary Action",257605,NA,NA,5852,"Permit Cargo","FOUND DURING THE INSPECTION OF MADERA SECA SPECIES","In","Trunk",70011,"Linden PIS","NJ","Non-Quarantine","Non-Quarantine","Non-Quarantine","Non-Quarantine","Entomology",257605,NA
"58",186658,"4601-4455991","AQI","CBP","2019-09-16","Panama","NEW YORK/NEWARK AREA (4601)","NEW YORK/NEWARK AREA (4601)",NA,NA,40.73591,-74.16594,"Maritime Port - Vessel - Cargo - CBP",", ",NA,"Plant","Logs","Prunus sp. - Prunus sp.","Prunus sp.",21000,"Kilograms",NA,532330,NA,NA,"2019-09-16 04:00:00.0000000"," ","MD A YOUSUF","MD A YOUSUF",125681,"NEW YORK/NEWARK AREA (4601)","NJ","Maritime Port - Vessel - Cargo - CBP","4601-4455991-DR03","4601-4455991","Urgent","Diagnostics Completed","CBP - Cargo",70011,"Linden PIS","2019-09-17",2019,"Q3","September",9,"Wallner, Adam",3191,"Stratiomyidae","Animalia","Arthropoda","Insecta","Diptera","Stratiomyidae",NA,NA,"Final ID","Wallner, Adam","Area Identifier","2019-09-17 11:00:19.0000000","Conferred - Final",NA,NA,NA,NA,1,NA,NA,NA,NA,0,"Area Identifier",251,"2019-09-17 15:01:05.3660000","AQIP",1500,"Commodity/Permitted Organism",5861,"No Phytosanitary Action",257609,NA,NA,5852,"Permit Cargo","FOUND DURING THE INSPECTION OF MADERA SECA SPECIES","In","Trunk",70011,"Linden PIS","NJ","Non-Quarantine","Non-Quarantine","Non-Quarantine","Non-Quarantine","Entomology",257609,NA
"59",317161,"MDBEL18020017","AQI","PIS","2018-02-14","United Kingdom of Great Britain and N. Ireland","CINCINNATI, OH (4102)","CINCINNATI, OH (4102)",NA,NA,39.04656,-84.62499,"Airport - Aircraft - Express Carrier - PIS",", ",NA,"Plant","Propagative Material","Prunus sp. - Prunus sp.","Prunus sp.",30,"Plant Units","USDA-APHIS-PPQ",1051432,NA,NA,"2018-02-14 15:22:15.0000000","MICHAEL WARING",NA,"MICHAEL WARING",235543,"Beltsville PIS","MD","Airport - Aircraft - Express Carrier - PIS","MDBEL18020017-DR03","MDBEL18020017","Urgent","Diagnostics Completed","PIS - Express Carrier",5001,"National Museum of Natural History","2018-02-14",2018,"Q1","February",2,"Waring, Michael",364,"Insecta","Animalia","Arthropoda","Insecta",NA,NA,NA,NA,"Final ID","Touchet, Michele","National Specialist","2018-02-15 15:11:18.0000000","Earned - Final",NA,NA,4,NA,NA,NA,NA,NA,NA,NA,"NIS",733,"2018-02-15 14:19:36.4500000","AQIP",1500,"Commodity/Permitted Organism",5860,"Phytosanitary Action",502174,"Re-export, Destroy, or Treat","T201-c-2",0,"Not Specified",NA,"On","Plant",5003,"USDA Beltsville - Entomology","MD","Quarantine","Quarantine","Quarantine","Quarantine","Entomology",502174,NA
"60",317161,"MDBEL18020017","AQI","PIS","2018-02-14","United Kingdom of Great Britain and N. Ireland","CINCINNATI, OH (4102)","CINCINNATI, OH (4102)",NA,NA,39.04656,-84.62499,"Airport - Aircraft - Express Carrier - PIS",", ",NA,"Plant","Propagative Material","Prunus sp. - Prunus sp.","Prunus sp.",30,"Plant Units","USDA-APHIS-PPQ",1051432,NA,NA,"2018-02-14 15:21:17.0000000","MICHAEL WARING",NA,"MICHAEL WARING",235540,"Beltsville PIS","MD","Airport - Aircraft - Express Carrier - PIS","MDBEL18020017-DR02","MDBEL18020017","Urgent","Diagnostics Completed","PIS - Express Carrier",5003,"USDA Beltsville - Entomology","2018-02-14",2018,"Q1","February",2,"Waring, Michael",5573,"Coccus sp. (Coccidae)","Animalia","Arthropoda","Insecta","Hemiptera","Coccidae","Coccus",NA,"Final ID","Evans, Gregory","National Specialist","2018-02-15 16:17:12.0000000","Earned - Final",9,NA,NA,NA,NA,NA,NA,NA,NA,NA,"NIS",180,"2018-02-15 16:02:38.3130000","AQIP",1500,"Commodity/Permitted Organism",5860,"Phytosanitary Action",502167,"Re-export, Destroy, or Treat","T201-c-2",0,"Not Specified",NA,"On","Plant",5003,"USDA Beltsville - Entomology","MD","Quarantine","Quarantine","Quarantine","Quarantine","Entomology",502167,NA
"61",317161,"MDBEL18020017","AQI","PIS","2018-02-14","United Kingdom of Great Britain and N. Ireland","CINCINNATI, OH (4102)","CINCINNATI, OH (4102)",NA,NA,39.04656,-84.62499,"Airport - Aircraft - Express Carrier - PIS",", ",NA,"Plant","Propagative Material","Prunus sp. - Prunus sp.","Prunus sp.",30,"Plant Units","USDA-APHIS-PPQ",1051432,NA,NA,"2018-02-14 15:20:34.0000000","MICHAEL WARING",NA,"MICHAEL WARING",235537,"Beltsville PIS","MD","Airport - Aircraft - Express Carrier - PIS","MDBEL18020017-DR01","MDBEL18020017","Urgent","Diagnostics Completed","PIS - Express Carrier",5003,"USDA Beltsville - Entomology","2018-02-14",2018,"Q1","February",2,"Waring, Michael",332,"Tydeidae","Animalia","Arthropoda","Arachnida","Trombidiformes","Tydeidae",NA,NA,"Final ID","Ochoa, Ronald","National Specialist","2018-02-15 12:09:24.0000000","Earned - Final",3,NA,NA,NA,NA,NA,NA,NA,NA,NA,"NIS",733,"2018-02-15 11:50:48.8380000","AQIP",1500,"Commodity/Permitted Organism",5861,"No Phytosanitary Action",502160,"Not Specified","Not Specified",0,"Not Specified",NA,"On","Plant",5003,"USDA Beltsville - Entomology","MD","Non-Quarantine","Non-Quarantine","Non-Quarantine","Non-Quarantine","Acarology",502160,NA
"62",861404,"2604-8913841","AQI","CBP","2022-09-18","Mexico","NOGALES, AZ (2604)","NOGALES, AZ (2604)",NA,NA,31.33276,-110.94266,"Land Border - Truck - Conveyance - CBP",", ",NA,"Plant","Propagative Material","Prunus sp. - Prunus sp.","Prunus sp.",1,"Plant Units",NA,2380958,NA,NA,"2022-09-19 20:57:34.1340000"," ","SAMUEL L MENDOZA","SAMUEL L MENDOZA",506137,"NOGALES, AZ (2604)","AZ","Land Border - Truck - Conveyance - CBP","2604-8913841-DR20","2604-8913841","Urgent","Diagnostics Completed","CBP - Conveyance",70017,"APHIS Headquarters","2022-09-23",2022,"Q3","September",9,"Sandberg, Dustin",87713,"Pseudocercospora graphioides U. Braun  (Mycosphaerellaceae)","Fungi",NA,"Dothideomycetes","Mycosphaerellales","Mycosphaerellaceae","Pseudocercospora","graphioides","Final ID","Romberg, Megan","National Specialist","2022-09-26 04:00:00.0000000","Earned - Final",NA,NA,NA,NA,NA,NA,NA,NA,NA,NA,"NIS",1243,"2022-09-26 18:20:41.1580000","AQIP",1500,"Commodity/Permitted Organism",5860,"Phytosanitary Action",1081922,"Re-export or Destroy","Not Specified",0,"Not Specified","220914-44 Prunus sp.
Reddish brown spots, centers with black pin spots 
Reinchenbacher plant press Mariposa","On","Plant",5009,"USDA Beltsville - Plant Pathology","MD","Uncategorized","Uncategorized","Uncategorized","Uncategorized","Plant Pathology",1081922,NA
